Timestamp,hash-rate
2018-02-24 00:00:00,22619613.70976803
2018-02-25 00:00:00,22674608.88910659
2018-02-26 00:00:00,23019494.586746305
2018-02-27 00:00:00,22723675.15775752
2018-02-28 00:00:00,23129455.071288906
2018-03-01 00:00:00,22830459.34552895
2018-03-02 00:00:00,23172168.746397473
2018-03-03 00:00:00,23343023.446831744
2018-03-04 00:00:00,24090512.761231672
2018-03-05 00:00:00,23599305.49748316
2018-03-06 00:00:00,24069842.792463046
2018-03-07 00:00:00,24298177.084857434
2018-03-08 00:00:00,24656663.695158362
2018-03-09 00:00:00,24918422.580592092
2018-03-10 00:00:00,24998502.92185233
2018-03-11 00:00:00,24425810.38099902
2018-03-12 00:00:00,24840322.333639417
2018-03-13 00:00:00,25120739.895260934
2018-03-14 00:00:00,25167476.155531175
2018-03-15 00:00:00,24863690.463774536
2018-03-16 00:00:00,24443064.121342268
2018-03-17 00:00:00,24676745.42269354
2018-03-18 00:00:00,24887058.59390968
2018-03-19 00:00:00,25024693.439862367
2018-03-20 00:00:00,25073739.768088397
2018-03-21 00:00:00,24504394.823239297
2018-03-22 00:00:00,24876931.971246693
2018-03-23 00:00:00,25028166.941706795
2018-03-24 00:00:00,24653093.04215948
2018-03-25 00:00:00,25007146.062845614
2018-03-26 01:00:00,24613719.969428185
2018-03-27 01:00:00,24490774.31523524
2018-03-28 01:00:00,25105502.58619998
2018-03-29 01:00:00,24687487.361943968
2018-03-30 01:00:00,24908789.539491266
2018-03-31 01:00:00,25621874.333810363
2018-04-01 01:00:00,24933378.67032986
2018-04-02 01:00:00,25653102.3238105
2018-04-03 01:00:00,25854386.928908963
2018-04-04 01:00:00,26181029.039100803
2018-04-05 01:00:00,26526747.47807309
2018-04-06 01:00:00,26678853.821494374
2018-04-07 01:00:00,26136262.59911973
2018-04-08 01:00:00,27476916.425880518
2018-04-09 01:00:00,27451982.74491329
2018-04-10 01:00:00,27227579.61620828
2018-04-11 01:00:00,27252513.297175508
2018-04-12 01:00:00,27601584.83071664
2018-04-13 01:00:00,27551717.468782187
2018-04-14 01:00:00,28224926.85489723
2018-04-15 01:00:00,27472139.497864477
2018-04-16 01:00:00,27901976.426973604
2018-04-17 01:00:00,28081059.672284544
2018-04-18 01:00:00,28408830.77588567
2018-04-19 01:00:00,28756873.357175797
2018-04-20 01:00:00,29770217.79215048
2018-04-21 01:00:00,29391435.64962607
2018-04-22 01:00:00,29991260.86696538
2018-04-23 01:00:00,29909466.51914638
2018-04-24 01:00:00,30236643.910422366
2018-04-25 01:00:00,30154849.562603366
2018-04-26 01:00:00,29146052.606169082
2018-04-27 01:00:00,28137255.649734784
2018-04-28 01:00:00,28457858.416850906
2018-04-29 01:00:00,27778760.672412436
2018-04-30 01:00:00,27929273.775828965
2018-05-01 01:00:00,28184952.794443693
2018-05-02 01:00:00,28362730.68046655
2018-05-03 01:00:00,29007915.36204056
2018-05-04 01:00:00,29476521.68786976
2018-05-05 01:00:00,29362271.60380826
2018-05-06 01:00:00,30304834.797315735
2018-05-07 01:00:00,29705021.855992805
2018-05-08 01:00:00,29562209.250915922
2018-05-09 01:00:00,29019521.35162375
2018-05-10 01:00:00,29590771.771931313
2018-05-11 01:00:00,29676459.334977455
2018-05-12 01:00:00,29472138.744732443
2018-05-13 01:00:00,29729129.60243557
2018-05-14 01:00:00,30171351.48208327
2018-05-15 01:00:00,29771418.722719755
2018-05-16 01:00:00,30097660.327110283
2018-05-17 01:00:00,30795200.338413663
2018-05-18 01:00:00,30281017.49498864
2018-05-19 01:00:00,30898997.443865962
2018-05-20 01:00:00,30575293.66112069
2018-05-21 01:00:00,30457583.194667857
2018-05-22 01:00:00,31193273.609998
2018-05-23 01:00:00,31340411.69306403
2018-05-24 01:00:00,30840142.210639533
2018-05-25 01:00:00,31329446.29174573
2018-05-26 01:00:00,32357235.308744334
2018-05-27 01:00:00,32780259.376856077
2018-05-28 01:00:00,33558730.93241525
2018-05-29 01:00:00,33709958.18674125
2018-05-30 01:00:00,33517794.909565777
2018-05-31 01:00:00,34072425.97266412
2018-06-01 01:00:00,34898238.81042169
2018-06-02 01:00:00,34592382.2038448
2018-06-03 01:00:00,34286525.59726792
2018-06-04 01:00:00,34255939.93661023
2018-06-05 01:00:00,35081752.7743678
2018-06-06 01:00:00,36970440.24344114
2018-06-07 01:00:00,36806214.50141672
2018-06-08 01:00:00,36623986.389440365
2018-06-09 01:00:00,36634273.426386096
2018-06-10 01:00:00,37002587.20624812
2018-06-11 01:00:00,36473078.66854488
2018-06-12 01:00:00,35787978.20858157
2018-06-13 01:00:00,34735390.61421152
2018-06-14 01:00:00,34595045.601628855
2018-06-15 01:00:00,34945908.13308553
2018-06-16 01:00:00,35226598.15825086
2018-06-17 01:00:00,36033581.98060122
2018-06-18 01:00:00,37086169.574971266
2018-06-19 01:00:00,37928239.650467314
2018-06-20 01:00:00,38429675.25013728
2018-06-21 01:00:00,39001283.35609858
2018-06-22 01:00:00,39762894.31503468
2018-06-23 01:00:00,39839409.12035758
2018-06-24 01:00:00,39784321.86544568
2018-06-25 01:00:00,40441645.50409454
2018-06-26 01:00:00,40348557.678587675
2018-06-27 01:00:00,40024038.447928794
2018-06-28 01:00:00,38798076.90988413
2018-06-29 01:00:00,38329326.910043515
2018-06-30 01:00:00,38329326.910043515
2018-07-01 01:00:00,37644230.75643031
2018-07-02 01:00:00,36778846.14133995
2018-07-03 01:00:00,36488476.487569645
2018-07-04 01:00:00,35642491.797167465
2018-07-05 01:00:00,36383569.16350584
2018-07-06 01:00:00,35940839.56543448
2018-07-07 01:00:00,36590525.800866805
2018-07-08 01:00:00,37448429.01495239
2018-07-09 01:00:00,38166166.04741592
2018-07-10 01:00:00,37975716.11703958
2018-07-11 01:00:00,39232685.65752334
2018-07-12 01:00:00,39270775.643598616
2018-07-13 01:00:00,39423135.58789968
2018-07-14 01:00:00,38775605.824620165
2018-07-15 01:00:00,37899536.144889064
2018-07-16 01:00:00,36947286.49300744
2018-07-17 01:00:00,36337846.71580319
2018-07-18 01:00:00,36509848.57509012
2018-07-19 01:00:00,37766752.6719309
2018-07-20 01:00:00,38684788.36582007
2018-07-21 01:00:00,38901449.33072524
2018-07-22 01:00:00,38873815.39954954
2018-07-23 01:00:00,40501108.76587425
2018-07-24 01:00:00,42035153.3565106
2018-07-25 01:00:00,42035153.3565106
2018-07-26 01:00:00,42145481.84301064
2018-07-27 01:00:00,41924824.87001058
2018-07-28 01:00:00,42402914.978177354
2018-07-29 01:00:00,42697124.275510766
2018-07-30 01:00:00,43186317.48986679
2018-07-31 01:00:00,42742938.88575507
2018-08-01 01:00:00,43106239.954886444
2018-08-02 01:00:00,42934319.30611221
2018-08-03 01:00:00,43330461.804432616
2018-08-04 01:00:00,44202298.51649606
2018-08-05 01:00:00,46305708.13320945
2018-08-06 01:00:00,45883210.79622877
2018-08-07 01:00:00,45756461.595135145
2018-08-08 01:00:00,45925460.529928945
2018-08-09 01:00:00,46221208.66581733
2018-08-10 01:00:00,46052209.73102566
2018-08-11 01:00:00,46474707.06800876
2018-08-12 01:00:00,46521092.49404175
2018-08-13 01:00:00,46794031.25653447
2018-08-14 01:00:00,48065344.67839719
2018-08-15 01:00:00,47856434.09623907
2018-08-16 01:00:00,48528363.2012794
2018-08-17 01:00:00,49402169.60517872
2018-08-18 01:00:00,48862992.05777389
2018-08-19 01:00:00,48640417.27294009
2018-08-20 01:00:00,48186682.03718505
2018-08-21 01:00:00,48186682.03718505
2018-08-22 01:00:00,48731164.32009109
2018-08-23 01:00:00,48685790.79651558
2018-08-24 01:00:00,48277429.084336035
2018-08-25 01:00:00,48125170.278102405
2018-08-26 01:00:00,47314784.4938072
2018-08-27 01:00:00,49000382.03378043
2018-08-28 01:00:00,51032389.99923483
2018-08-29 01:00:00,51626403.5628837
2018-08-30 01:00:00,51007110.45970806
2018-08-31 01:00:00,51603523.670061335
2018-09-01 01:00:00,52263848.2862016
2018-09-02 01:00:00,53028219.010679886
2018-09-03 01:00:00,51642797.07256303
2018-09-04 01:00:00,49684097.09108747
2018-09-05 01:00:00,48394221.49353039
2018-09-06 01:00:00,48059809.301571146
2018-09-07 01:00:00,47868716.62045158
2018-09-08 01:00:00,47988724.25098981
2018-09-09 01:00:00,48251967.38942395
2018-09-10 01:00:00,49497628.68021115
2018-09-11 01:00:00,49347584.82553477
2018-09-12 01:00:00,50356537.709924355
2018-09-13 01:00:00,52424710.10576018
2018-09-14 01:00:00,52636033.18979827
2018-09-15 01:00:00,51690936.99449091
2018-09-16 01:00:00,51192470.87111106
2018-09-17 01:00:00,49996152.174999416
2018-09-18 01:00:00,49996152.17499941
2018-09-19 01:00:00,50045998.787337385
2018-09-20 01:00:00,49447839.43928157
2018-09-21 01:00:00,49760185.205547936
2018-09-22 01:00:00,50494795.78805651
2018-09-23 01:00:00,51389369.56576641
2018-09-24 01:00:00,52079819.00403919
2018-09-25 01:00:00,52868066.51095389
2018-09-26 01:00:00,54374065.72895808
2018-09-27 01:00:00,53658386.663579926
2018-09-28 01:00:00,53232311.492059335
2018-09-29 01:00:00,53740253.39560951
2018-09-30 01:00:00,53587870.82454445
2018-10-01 01:00:00,54248195.2991597
2018-10-02 01:00:00,54756137.20270987
2018-10-03 01:00:00,53130723.111349285
2018-10-04 01:00:00,53435488.253479406
2018-10-05 01:00:00,54016485.12247145
2018-10-06 01:00:00,53076537.694388136
2018-10-07 01:00:00,51973472.57445372
2018-10-08 01:00:00,51211672.00732196
2018-10-09 01:00:00,50333253.89037972
2018-10-10 01:00:00,50256807.6983317
2018-10-11 01:00:00,50515184.98661472
2018-10-12 01:00:00,51088272.00429915
2018-10-13 01:00:00,51194154.43332361
2018-10-14 01:00:00,52041213.86551923
2018-10-15 01:00:00,50558859.85917688
2018-10-16 01:00:00,51988272.65100701
2018-10-17 01:00:00,52252978.72356815
2018-10-18 01:00:00,51935331.436494775
2018-10-19 01:00:00,50796511.979038164
2018-10-20 01:00:00,51051519.74677629
2018-10-21 01:00:00,50881065.37322377
2018-10-22 01:00:00,51884979.84490446
2018-10-23 01:00:00,51214865.43842773
2018-10-24 01:00:00,51923155.034461744
2018-10-25 01:00:00,50381260.62486447
2018-10-26 01:00:00,50090631.11163218
2018-10-27 01:00:00,50141639.90095157
2018-10-28 01:00:00,49784578.375715904
2018-10-29 00:00:00,49886595.95435465
2018-10-30 00:00:00,49427516.85048022
2018-10-31 00:00:00,49427516.85048022
2018-11-01 00:00:00,51977956.31644927
2018-11-02 00:00:00,52845282.14995187
2018-11-03 00:00:00,52846858.85966794
2018-11-04 00:00:00,54123853.76932581
2018-11-05 00:00:00,53309080.357032456
2018-11-06 00:00:00,53157630.69879038
2018-11-07 00:00:00,51832813.4970715
2018-11-08 00:00:00,50150956.822001085
2018-11-09 00:00:00,48468824.49837891
2018-11-10 00:00:00,47652507.45419569
2018-11-11 00:00:00,46121912.99635215
2018-11-12 00:00:00,47244348.93210407
2018-11-13 00:00:00,47091289.48631972
2018-11-14 00:00:00,46683130.9642281
2018-11-15 00:00:00,46938230.04053535
2018-11-16 00:00:00,47244348.93210407
2018-11-17 00:00:00,47185785.91291599
2018-11-18 00:00:00,47353181.041895606
2018-11-19 00:00:00,45715818.24939446
2018-11-20 00:00:00,44526318.98835643
2018-11-21 00:00:00,44640705.31233625
2018-11-22 00:00:00,42714092.64834462
2018-11-23 00:00:00,41998858.13251291
2018-11-24 00:00:00,41483931.2757637
2018-11-25 00:00:00,41389434.84916742
2018-11-26 00:00:00,41578427.70235997
2018-11-27 00:00:00,40869704.50288792
2018-11-28 00:00:00,40822456.2895898
2018-11-29 00:00:00,41436683.06246556
2018-11-30 00:00:00,40633463.436397254
2018-12-01 00:00:00,39499506.31724198
2018-12-02 00:00:00,38601790.264577396
2018-12-03 00:00:00,37987563.491701625
2018-12-04 00:00:00,37757484.09876072
2018-12-05 00:00:00,37101457.81240009
2018-12-06 00:00:00,36738876.28988942
2018-12-07 00:00:00,37191010.29589566
2018-12-08 00:00:00,36990084.381401695
2018-12-09 00:00:00,36223720.32571753
2018-12-10 00:00:00,35969936.15414296
2018-12-11 00:00:00,35927585.010890804
2018-12-12 00:00:00,35406314.24622386
2018-12-13 00:00:00,35005336.7349416
2018-12-14 00:00:00,34844945.73042869
2018-12-15 00:00:00,36128073.76653193
2018-12-16 00:00:00,37010224.2913529
2018-12-17 00:00:00,36488953.52668595
2018-12-18 00:00:00,37932472.56730211
2018-12-19 00:00:00,38029757.87999838
2018-12-20 00:00:00,38621228.80228805
2018-12-21 00:00:00,38263941.14131169
2018-12-22 00:00:00,37486502.685146056
2018-12-23 00:00:00,37857979.2777346
2018-12-24 00:00:00,39629042.50302966
2018-12-25 00:00:00,38725392.663230754
2018-12-26 00:00:00,39381720.46065127
2018-12-27 00:00:00,39671825.21542587
2018-12-28 00:00:00,41086085.89495204
2018-12-29 00:00:00,42065189.44231629
2018-12-30 00:00:00,40723454.95148379
2018-12-31 00:00:00,40723454.95148379
2019-01-01 00:00:00,40988642.93864156
2019-01-02 00:00:00,41167951.690835595
2019-01-03 00:00:00,41499587.17874795
2019-01-04 00:00:00,41374351.156813666
2019-01-05 00:00:00,41263555.1542331
2019-01-06 00:00:00,42762992.71688324
2019-01-07 00:00:00,42006626.677082516
2019-01-08 00:00:00,41855386.9144478
2019-01-09 00:00:00,42653392.38469466
2019-01-10 00:00:00,43172095.940355115
2019-01-11 00:00:00,43211996.21386746
2019-01-12 00:00:00,43172095.940355115
2019-01-13 00:00:00,42174589.102546535
2019-01-14 00:00:00,42014988.00849717
2019-01-15 00:00:00,42592390.902812645
2019-01-16 00:00:00,41364858.10563413
2019-01-17 00:00:00,40378611.62621738
2019-01-18 00:00:00,39460857.63369904
2019-01-19 00:00:00,39321940.28148005
2019-01-20 00:00:00,39373100.91338422
2019-01-21 00:00:00,40467000.623602085
2019-01-22 00:00:00,40531401.694054715
2019-01-23 00:00:00,40447831.7936546
2019-01-24 00:00:00,40991036.14625532
2019-01-25 00:00:00,42453509.403257295
2019-01-26 00:00:00,42453509.403257295
2019-01-27 00:00:00,43163853.55665825
2019-01-28 00:00:00,42328154.55265712
2019-01-29 00:00:00,42070490.139164865
2019-01-30 00:00:00,42667170.64818568
2019-01-31 00:00:00,42182365.65023653
2019-02-01 00:00:00,41813561.42624769
2019-02-02 00:00:00,42571473.898190916
2019-02-03 00:00:00,42249870.142456785
2019-02-04 00:00:00,42223714.95706197
2019-02-05 00:00:00,42283653.505950816
2019-02-06 00:00:00,42324946.13632772
2019-02-07 00:00:00,43481139.78688107
2019-02-08 00:00:00,44265699.764042266
2019-02-09 00:00:00,44472162.9159268
2019-02-10 00:00:00,44719918.69818822
2019-02-11 00:00:00,44881391.034194775
2019-02-12 00:00:00,45052997.46036649
2019-02-13 00:00:00,44492827.38614644
2019-02-14 00:00:00,44306824.507859826
2019-02-15 00:00:00,43191347.207880564
2019-02-16 00:00:00,41927449.37113641
2019-02-17 00:00:00,42190406.28864557
2019-02-18 00:00:00,43174813.52311373
2019-02-19 00:00:00,43605270.288050056
2019-02-20 00:00:00,44810549.229871765
2019-02-21 00:00:00,43820498.67051821
2019-02-22 00:00:00,42873493.78765828
2019-02-23 00:00:00,44380092.46493542
2019-02-24 00:00:00,44078772.72947999
2019-02-25 00:00:00,43134261.352393694
2019-02-26 00:00:00,42628200.62640033
2019-02-27 00:00:00,42855236.49209063
2019-02-28 00:00:00,43339079.648640595
2019-03-01 00:00:00,44684496.380709186
2019-03-02 00:00:00,44696377.20233643
2019-03-03 00:00:00,44232555.430380516
2019-03-04 00:00:00,44628180.420195125
2019-03-05 00:00:00,44369466.33080269
2019-03-06 00:00:00,43852038.15201782
2019-03-07 00:00:00,43291490.9583342
2019-03-08 00:00:00,42946538.83914429
2019-03-09 00:00:00,42256634.60076446
2019-03-10 00:00:00,42515348.6901569
2019-03-11 00:00:00,42083550.08222072
2019-03-12 00:00:00,42296165.805999644
2019-03-13 00:00:00,42034451.38454939
2019-03-14 00:00:00,42333452.00752723
2019-03-15 00:00:00,42890747.09303628
2019-03-16 00:00:00,43189370.051839
2019-03-17 00:00:00,44263925.46538842
2019-03-18 00:00:00,44692660.79723758
2019-03-19 00:00:00,45511523.434795454
2019-03-20 00:00:00,46847562.47502146
2019-03-21 00:00:00,47968111.34746908
2019-03-22 00:00:00,47450934.94480095
2019-03-23 00:00:00,47795719.21324636
2019-03-24 00:00:00,47019954.60924416
2019-03-25 00:00:00,47511942.708772235
2019-03-26 00:00:00,47277876.56817044
2019-03-27 00:00:00,45849305.9800876
2019-03-28 00:00:00,45660541.98314704
2019-03-29 00:00:00,46111636.15922498
2019-03-30 00:00:00,45832267.874961965
2019-03-31 00:00:00,45880050.97829993
2019-04-01 01:00:00,45392747.94855414
2019-04-02 01:00:00,44849122.22461937
2019-04-03 01:00:00,45891071.528827704
2019-04-04 01:00:00,45573956.52319909
2019-04-05 01:00:00,45302143.6612317
2019-04-06 01:00:00,45800467.24150524
2019-04-07 01:00:00,45800760.35312043
2019-04-08 01:00:00,45905140.88635676
2019-04-09 01:00:00,46463226.7833075
2019-04-10 01:00:00,45343570.10284502
2019-04-11 01:00:00,45629843.13782837
2019-04-12 01:00:00,46415319.08793086
2019-04-13 01:00:00,46112957.3669334
2019-04-14 01:00:00,45944645.70335679
2019-04-15 01:00:00,45082048.60023052
2019-04-16 01:00:00,44945849.057631634
2019-04-17 01:00:00,45536047.075560115
2019-04-18 01:00:00,45082048.60023051
2019-04-19 01:00:00,44718849.81996681
2019-04-20 01:00:00,44764249.667499766
2019-04-21 01:00:00,44582650.277367905
2019-04-22 01:00:00,46358030.73889053
2019-04-23 01:00:00,45820575.06684864
2019-04-24 01:00:00,44471034.3204465
2019-04-25 01:00:00,45559736.86760466
2019-04-26 01:00:00,45246724.34261107
2019-04-27 01:00:00,45158438.97473426
2019-04-28 01:00:00,45391928.68054722
2019-04-29 01:00:00,45431648.32671014
2019-04-30 01:00:00,46740007.61317945
2019-05-01 01:00:00,47822787.712326474
2019-05-02 01:00:00,48183714.41204215
2019-05-03 01:00:00,50033463.74808496
2019-05-04 01:00:00,50078579.585549414
2019-05-05 01:00:00,50041434.9046636
2019-05-06 01:00:00,48827339.21153391
2019-05-07 01:00:00,48660338.77343289
2019-05-08 01:00:00,48388716.86425589
2019-05-09 01:00:00,47908384.96530413
2019-05-10 01:00:00,46746356.701584525
2019-05-11 01:00:00,45838154.26510414
2019-05-12 01:00:00,45881810.26580114
2019-05-13 01:00:00,47262072.19288437
2019-05-14 01:00:00,48023596.0147234
2019-05-15 01:00:00,49213476.98634686
2019-05-16 01:00:00,49070691.26975205
2019-05-17 01:00:00,48880310.3142923
2019-05-18 01:00:00,50117786.52478069
2019-05-19 01:00:00,51214225.96531763
2019-05-20 01:00:00,51455052.94267098
2019-05-21 01:00:00,51172297.31357712
2019-05-22 01:00:00,51222568.44080638
2019-05-23 01:00:00,52082203.48126965
2019-05-24 01:00:00,52656109.68334539
2019-05-25 01:00:00,52753976.049439594
2019-05-26 01:00:00,52135937.52285272
2019-05-27 01:00:00,52231162.979515456
2019-05-28 01:00:00,52516839.34950369
2019-05-29 01:00:00,53040579.361148775
2019-05-30 01:00:00,53373868.45946839
2019-05-31 01:00:00,53517351.45539476
2019-06-01 01:00:00,52430641.24589247
2019-06-02 01:00:00,53764035.52740507
2019-06-03 01:00:00,52847618.05786451
2019-06-04 01:00:00,51200279.00599991
2019-06-05 01:00:00,51549891.83897489
2019-06-06 01:00:00,51741225.4514668
2019-06-07 01:00:00,52391955.68991896
2019-06-08 01:00:00,54563917.45259507
2019-06-09 01:00:00,53133601.169857144
2019-06-10 01:00:00,53981196.00407221
2019-06-11 01:00:00,55994233.735333
2019-06-12 01:00:00,55411512.286810145
2019-06-13 01:00:00,53875246.64979533
2019-06-14 01:00:00,53557398.58696468
2019-06-15 01:00:00,54082274.33669797
2019-06-16 01:00:00,55195584.69039011
2019-06-17 01:00:00,54248595.79111904
2019-06-18 01:00:00,52929712.93523463
2019-06-19 01:00:00,53931003.70699913
2019-06-20 01:00:00,56304637.07335661
2019-06-21 01:00:00,55882395.93446345
2019-06-22 01:00:00,53985662.65170731
2019-06-23 01:00:00,53722574.62708885
2019-06-24 01:00:00,56406072.478197105
2019-06-25 01:00:00,58721247.09483952
2019-06-26 01:00:00,57826747.81113677
2019-06-27 01:00:00,57195336.552052476
2019-06-28 01:00:00,57552683.32654219
2019-06-29 01:00:00,59739282.9536638
2019-06-30 01:00:00,62124770.89416704
2019-07-01 01:00:00,61165896.332180314
2019-07-02 01:00:00,59910359.24671196
2019-07-03 01:00:00,61131189.485838704
2019-07-04 01:00:00,62141158.698578596
2019-07-05 01:00:00,63617010.316239394
2019-07-06 01:00:00,65082061.04097121
2019-07-07 01:00:00,65307453.460160725
2019-07-08 01:00:00,65363801.56495811
2019-07-09 01:00:00,67335985.23286633
2019-07-10 01:00:00,67824437.59753053
2019-07-11 01:00:00,66436142.991435766
2019-07-12 01:00:00,65329588.90932788
2019-07-13 01:00:00,65236285.66638231
2019-07-14 01:00:00,64282328.423973426
2019-07-15 01:00:00,64994549.13232236
2019-07-16 01:00:00,64362436.05344271
2019-07-17 01:00:00,65398734.02913995
2019-07-18 01:00:00,65656209.35996334
2019-07-19 01:00:00,65141258.698316574
2019-07-20 01:00:00,62180292.393847644
2019-07-21 01:00:00,64497570.3712581
2019-07-22 01:00:00,64755045.70208148
2019-07-23 01:00:00,65527471.69455163
2019-07-24 01:00:00,64272984.39400618
2019-07-25 01:00:00,64609474.1220631
2019-07-26 01:00:00,66422512.0674627
2019-07-27 01:00:00,69452834.29261258
2019-07-28 01:00:00,67789239.8291889
2019-07-29 01:00:00,69400228.24262597
2019-07-30 01:00:00,69983819.3822461
2019-07-31 01:00:00,69900133.59643507
2019-08-01 01:00:00,71948489.15970056
2019-08-02 01:00:00,71436400.26888417
2019-08-03 01:00:00,71628433.60294032
2019-08-04 01:00:00,72972666.94133331
2019-08-05 01:00:00,72460578.05051692
2019-08-06 01:00:00,71750336.91595867
2019-08-07 01:00:00,74077368.96597405
2019-08-08 01:00:00,73980793.82469282
2019-08-09 01:00:00,74960524.08975096
2019-08-10 01:00:00,74566507.44960836
2019-08-11 01:00:00,74200088.8451012
2019-08-12 01:00:00,74359558.14922814
2019-08-13 01:00:00,73747045.07134312
2019-08-14 01:00:00,73463402.5902995
2019-08-15 01:00:00,73392491.9700386
2019-08-16 01:00:00,74456151.2739522
2019-08-17 01:00:00,74456151.2739522
2019-08-18 01:00:00,72825207.00795133
2019-08-19 01:00:00,70938762.01502922
2019-08-20 01:00:00,73295435.91895372
2019-08-21 01:00:00,73227077.8569462
2019-08-22 01:00:00,72283871.8608038
2019-08-23 01:00:00,71347701.30319197
2019-08-24 01:00:00,71988449.44379354
2019-08-25 01:00:00,74482723.32512149
2019-08-26 01:00:00,76729088.15301375
2019-08-27 01:00:00,74848827.74587111
2019-08-28 01:00:00,73547109.00246467
2019-08-29 01:00:00,74631874.62197003
2019-08-30 01:00:00,76367499.61317863
2019-08-31 01:00:00,76873723.56894779
2019-09-01 01:00:00,77307629.81674995
2019-09-02 01:00:00,76949688.48478606
2019-09-03 01:00:00,78440212.48352496
2019-09-04 01:00:00,81222826.59520008
2019-09-05 01:00:00,80706441.94499877
2019-09-06 01:00:00,81396021.79746328
2019-09-07 01:00:00,81911711.3311619
2019-09-08 01:00:00,81381518.77865721
2019-09-09 01:00:00,84070180.80035755
2019-09-10 01:00:00,83840689.86095712
2019-09-11 01:00:00,85217635.49735968
2019-09-12 01:00:00,88889490.52776657
2019-09-13 01:00:00,88354011.66916557
2019-09-14 01:00:00,87940628.05525532
2019-09-15 01:00:00,89554384.74609981
2019-09-16 01:00:00,88427197.63210218
2019-09-17 01:00:00,91022467.59238549
2019-09-18 01:00:00,89597236.24816692
2019-09-19 01:00:00,90214468.3326224
2019-09-20 01:00:00,90625164.50360727
2019-09-21 01:00:00,91702566.29484172
2019-09-22 01:00:00,92631413.6514193
2019-09-23 01:00:00,94235786.35823512
2019-09-24 01:00:00,90098193.58802588
2019-09-25 01:00:00,90858159.60704388
2019-09-26 01:00:00,89338227.56900778
2019-09-27 01:00:00,91434682.17080025
2019-09-28 01:00:00,90645114.94483177
2019-09-29 01:00:00,91035500.50166678
2019-09-30 01:00:00,89341776.99429794
2019-10-01 01:00:00,91495287.63803318
2019-10-02 01:00:00,91195824.21270092
2019-10-03 01:00:00,91433868.6440188
2019-10-04 01:00:00,90160370.38620839
2019-10-05 01:00:00,91519571.94981956
2019-10-06 01:00:00,91428958.51224542
2019-10-07 01:00:00,92606933.20070843
2019-10-08 01:00:00,94872269.14006042
2019-10-09 01:00:00,96593924.45396785
2019-10-10 01:00:00,95687790.07822707
2019-10-11 01:00:00,97179223.93948364
2019-10-12 01:00:00,98269788.05675264
2019-10-13 01:00:00,96238944.05855842
2019-10-14 01:00:00,95855009.81241502
2019-10-15 01:00:00,94280759.19669506
2019-10-16 01:00:00,93734992.14572488
2019-10-17 01:00:00,94440182.24777238
2019-10-18 01:00:00,93485053.29452874
2019-10-19 01:00:00,93854559.43403289
2019-10-20 01:00:00,94685948.24791704
2019-10-21 01:00:00,95055454.38742112
2019-10-22 01:00:00,97272491.22444558
2019-10-23 01:00:00,98750515.78246188
2019-10-24 01:00:00,101132725.05483378
2019-10-25 01:00:00,100207780.94612253
2019-10-26 01:00:00,98845219.46318832
2019-10-27 01:00:00,99339894.79783738
2019-10-28 00:00:00,97034324.12029603
2019-10-29 00:00:00,95375220.792608
2019-10-30 00:00:00,92695122.52125238
2019-10-31 00:00:00,90131834.47920878
2019-11-01 00:00:00,90034604.88430132
2019-11-02 00:00:00,89256768.1250417
2019-11-03 00:00:00,88673390.55559696
2019-11-04 00:00:00,90909671.2384684
2019-11-05 00:00:00,90715212.04865348
2019-11-06 00:00:00,91784737.59263548
2019-11-07 00:00:00,91590278.40282057
2019-11-08 00:00:00,91861270.49919157
2019-11-09 00:00:00,90783752.60638504
2019-11-10 00:00:00,90762607.51459399
2019-11-11 00:00:00,92339819.41656034
2019-11-12 00:00:00,93145448.40611652
2019-11-13 00:00:00,91339031.07613795
2019-11-14 00:00:00,90699368.88504884
2019-11-15 00:00:00,92859958.3564599
2019-11-16 00:00:00,95569879.32016982
2019-11-17 00:00:00,95931202.11533114
2019-11-18 00:00:00,94847233.72984722
2019-11-19 00:00:00,93853596.04315357
2019-11-20 00:00:00,94937564.42863753
2019-11-21 00:00:00,95569879.32016985
2019-11-22 00:00:00,92753027.64806035
2019-11-23 00:00:00,90641806.33248484
2019-11-24 00:00:00,93211181.34439717
2019-11-25 00:00:00,91369153.81570041
2019-11-26 00:00:00,90238982.02037299
2019-11-27 00:00:00,88200108.30866559
2019-11-28 00:00:00,88179081.2317132
2019-11-29 00:00:00,90747073.1583127
2019-11-30 00:00:00,91115589.19144289
2019-12-01 00:00:00,86785525.80216303
2019-12-02 00:00:00,87522557.86842345
2019-12-03 00:00:00,89365138.03407446
2019-12-04 00:00:00,92681782.33224623
2019-12-05 00:00:00,95261394.56415763
2019-12-06 00:00:00,93585274.42810574
2019-12-07 00:00:00,94315177.49841551
2019-12-08 00:00:00,96880815.35477403
2019-12-09 00:00:00,97608664.81120312
2019-12-10 00:00:00,97783740.2179369
2019-12-11 00:00:00,96761138.51699759
2019-12-12 00:00:00,93446264.21635814
2019-12-13 00:00:00,92267470.55522303
2019-12-14 00:00:00,92907581.8474793
2019-12-15 00:00:00,92541803.96619001
2019-12-16 00:00:00,90347136.67845428
2019-12-17 00:00:00,91170136.91135517
2019-12-18 00:00:00,90530025.61909892
2019-12-19 00:00:00,90712914.55974354
2019-12-20 00:00:00,92925415.7375964
2019-12-21 00:00:00,93370681.81483613
2019-12-22 00:00:00,95746472.56319733
2019-12-23 00:00:00,99947585.9399815
2019-12-24 00:00:00,98740227.53509028
2019-12-25 00:00:00,97340808.47463703
2019-12-26 00:00:00,96857362.7365599
2019-12-27 00:00:00,97839066.68251048
2019-12-28 00:00:00,96827572.572071
2019-12-29 00:00:00,94344814.30099222
2019-12-30 00:00:00,93057458.16043285
2019-12-31 00:00:00,95172400.3913518
2020-01-01 00:00:00,97011480.59215085
2020-01-02 00:00:00,101344004.24026024
2020-01-03 00:00:00,99804501.46535622
2020-01-04 00:00:00,103031751.9698384
2020-01-05 00:00:00,105793194.82492833
2020-01-06 00:00:00,107512955.57361655
2020-01-07 00:00:00,105477457.15335813
2020-01-08 00:00:00,109390648.92246719
2020-01-09 00:00:00,107202820.5002444
2020-01-10 00:00:00,108770686.24796285
2020-01-11 00:00:00,106810854.06331484
2020-01-12 00:00:00,106320896.01715283
2020-01-13 00:00:00,105144996.70636413
2020-01-14 00:00:00,105928929.5802233
2020-01-15 00:00:00,102912016.52961266
2020-01-16 00:00:00,104842225.07092443
2020-01-17 00:00:00,106142030.5758593
2020-01-18 00:00:00,108225768.95465343
2020-01-19 00:00:00,106104409.8345753
2020-01-20 00:00:00,107047760.00503173
2020-01-21 00:00:00,108984910.82487467
2020-01-22 00:00:00,110810185.47842275
2020-01-23 00:00:00,111334854.91724102
2020-01-24 00:00:00,111334854.91724102
2020-01-25 00:00:00,110600317.70289545
2020-01-26 00:00:00,113958202.11133245
2020-01-27 00:00:00,113223664.89698687
2020-01-28 00:00:00,110810185.47842276
2020-01-29 00:00:00,110086945.93868305
2020-01-30 00:00:00,111290378.26366591
2020-01-31 00:00:00,111739680.95495507
2020-02-01 00:00:00,111605536.94938122
2020-02-02 00:00:00,110981010.23884849
2020-02-03 00:00:00,111681439.23054679
2020-02-04 00:00:00,114400102.6139399
2020-02-05 00:00:00,113566280.34913361
2020-02-06 00:00:00,113456448.3565329
2020-02-07 00:00:00,111149976.51191804
2020-02-08 00:00:00,110600816.54891446
2020-02-09 00:00:00,109282832.6377059
2020-02-10 00:00:00,110381152.56371304
2020-02-11 00:00:00,107525520.7560946
2020-02-12 00:00:00,109340676.42941175
2020-02-13 00:00:00,107554857.49007317
2020-02-14 00:00:00,108294601.66974202
2020-02-15 00:00:00,107932589.65855002
2020-02-16 00:00:00,108343410.57122573
2020-02-17 00:00:00,107216583.58749144
2020-02-18 00:00:00,111150618.92552446
2020-02-19 00:00:00,111398345.74036531
2020-02-20 00:00:00,111287941.03695574
2020-02-21 00:00:00,109631870.48581052
2020-02-22 00:00:00,111729559.85059437
2020-02-23 00:00:00,112391988.07105252
2020-02-24 00:00:00,112391988.07105252
2020-02-25 00:00:00,110625512.81649765
2020-02-26 00:00:00,109924843.8400675
2020-02-27 00:00:00,109315034.29177237
2020-02-28 00:00:00,111571073.16195461
2020-02-29 00:00:00,111945558.20399804
2020-03-01 00:00:00,110892855.15019846
2020-03-02 00:00:00,114681812.94945891
2020-03-03 00:00:00,115501740.88073805
2020-03-04 00:00:00,116468614.68224476
2020-03-05 00:00:00,119877988.6719989
2020-03-06 00:00:00,121637665.56993648
2020-03-07 00:00:00,121307726.15157305
2020-03-08 00:00:00,123287362.66175291
2020-03-09 00:00:00,121197746.34545204
2020-03-10 00:00:00,121936055.96162646
2020-03-11 00:00:00,120625751.53822832
2020-03-12 00:00:00,116247579.24678098
2020-03-13 00:00:00,116070927.61330411
2020-03-14 00:00:00,113717813.26408868
2020-03-15 00:00:00,111497389.43702026
2020-03-16 00:00:00,108109035.40066276
2020-03-17 00:00:00,104972190.00322084
2020-03-18 00:00:00,103914239.60005285
2020-03-19 00:00:00,101680788.74892049
2020-03-20 00:00:00,96508586.77787718
2020-03-21 00:00:00,94627786.06113414
2020-03-22 00:00:00,94157585.88194844
2020-03-23 00:00:00,95097986.24031994
2020-03-24 00:00:00,94275135.92674486
2020-03-25 00:00:00,95333086.32991287
2020-03-26 00:00:00,94392685.97154133
2020-03-27 00:00:00,97885234.2295388
2020-03-28 00:00:00,100386175.7558384
2020-03-29 00:00:00,99147879.97675763
2020-03-30 01:00:00,99137723.37003462
2020-03-31 01:00:00,100495620.10857132
2020-04-01 01:00:00,100688107.93123947
2020-04-02 01:00:00,104989801.55573513
2020-04-03 01:00:00,104035696.2502867
2020-04-04 01:00:00,101763311.62183787
2020-04-05 01:00:00,103936896.91861507
2020-04-06 01:00:00,106308080.8787355
2020-04-07 01:00:00,104430893.57697347
2020-04-08 01:00:00,105320087.56201862
2020-04-09 01:00:00,104926817.65001218
2020-04-10 01:00:00,105903459.59372948
2020-04-11 01:00:00,109895383.97791174
2020-04-12 01:00:00,110999326.6368086
2020-04-13 01:00:00,109697883.67537546
2020-04-14 01:00:00,114921002.25323077
2020-04-15 01:00:00,115878648.73909876
2020-04-16 01:00:00,118816054.72042176
2020-04-17 01:00:00,118816054.72042176
2020-04-18 01:00:00,115054068.8189836
2020-04-19 01:00:00,114949569.21061032
2020-04-20 01:00:00,114845069.60223703
2020-04-21 01:00:00,113800073.51850417
2020-04-22 01:00:00,112777076.67665617
2020-04-23 01:00:00,109962852.46635233
2020-04-24 01:00:00,109962750.66907203
2020-04-25 01:00:00,113010797.98649304
2020-04-26 01:00:00,111912718.6898519
2020-04-27 01:00:00,111554966.88776174
2020-04-28 01:00:00,110710037.98755717
2020-04-29 01:00:00,111629896.6466346
2020-04-30 01:00:00,113216514.46699287
2020-05-01 01:00:00,112423205.55681373
2020-05-02 01:00:00,112083216.02387974
2020-05-03 01:00:00,113443174.15561531
2020-05-04 01:00:00,116956399.32926574
2020-05-05 01:00:00,118883006.68255791
2020-05-06 01:00:00,119472293.06066506
2020-05-07 01:00:00,120652100.72918221
2020-05-08 01:00:00,122164632.51837364
2020-05-09 01:00:00,121853507.63821308
2020-05-10 01:00:00,120634706.08752494
2020-05-11 01:00:00,121037811.5024568
2020-05-12 01:00:00,121087434.47597237
2020-05-13 01:00:00,119743045.08479336
2020-05-14 01:00:00,115740173.47259879
2020-05-15 01:00:00,111966037.38110098
2020-05-16 01:00:00,110593624.25691998
2020-05-17 01:00:00,109449946.65343569
2020-05-18 01:00:00,101672938.9497433
2020-05-19 01:00:00,98356273.89963916
2020-05-20 01:00:00,94810873.32883821
2020-05-21 01:00:00,93625665.17859997
2020-05-22 01:00:00,94670543.88510194
2020-05-23 01:00:00,92307330.90926416
2020-05-24 01:00:00,90689768.70048092
2020-05-25 01:00:00,91494525.79228355
2020-05-26 01:00:00,90293241.95835559
2020-05-27 01:00:00,90471236.69303167
2020-05-28 01:00:00,92882000.95950735
2020-05-29 01:00:00,92882000.95950735
2020-05-30 01:00:00,94602038.01431303
2020-05-31 01:00:00,98579623.70355113
2020-06-01 01:00:00,102234702.44501315
2020-06-02 01:00:00,103202223.28834139
2020-06-03 01:00:00,103739734.86796816
2020-06-04 01:00:00,103847237.18389343
2020-06-05 01:00:00,105288528.1766404
2020-06-06 01:00:00,109091786.58629324
2020-06-07 01:00:00,111435315.22543454
2020-06-08 01:00:00,110815623.43783526
2020-06-09 01:00:00,112208528.24468684
2020-06-10 01:00:00,113943904.93806837
2020-06-11 01:00:00,114994337.8583901
2020-06-12 01:00:00,117511415.09088524
2020-06-13 01:00:00,115951097.54610994
2020-06-14 01:00:00,112245343.37726866
2020-06-15 01:00:00,113318061.6893015
2020-06-16 01:00:00,110977585.37213866
2020-06-17 01:00:00,110570811.73739882
2020-06-18 01:00:00,110046645.12823595
2020-06-19 01:00:00,105905233.95063551
2020-06-20 01:00:00,105926966.55685537
2020-06-21 01:00:00,105875824.18477465
2020-06-22 01:00:00,105663297.23398964
2020-06-23 01:00:00,108235120.84612934
2020-06-24 01:00:00,110749704.10207164
2020-06-25 01:00:00,110861798.94428022
2020-06-26 01:00:00,112767411.26182595
2020-06-27 01:00:00,115233497.79041466
2020-06-28 01:00:00,115345592.63262323
2020-06-29 01:00:00,115793972.0014575
2020-06-30 01:00:00,116018161.68587463
2020-07-01 01:00:00,114784987.49487363
2020-07-02 01:00:00,117362562.86205761
2020-07-03 01:00:00,119940130.74771547
2020-07-04 01:00:00,119827426.16113047
2020-07-05 01:00:00,121956640.86329533
2020-07-06 01:00:00,123413264.06763048
2020-07-07 01:00:00,124421541.56999876
2020-07-08 01:00:00,125990398.02477519
2020-07-09 01:00:00,124757395.90887435
2020-07-10 01:00:00,124757395.90887435
2020-07-11 01:00:00,124533213.70598333
2020-07-12 01:00:00,124421122.60453776
2020-07-13 01:00:00,123188120.48863705
2020-07-14 01:00:00,123224185.9661429
2020-07-15 01:00:00,122915681.28235175
2020-07-16 01:00:00,122988997.50264347
2020-07-17 01:00:00,121358766.03401919
2020-07-18 01:00:00,117847537.53861405
2020-07-19 01:00:00,116374944.77118148
2020-07-20 01:00:00,115473898.09459306
2020-07-21 01:00:00,115544420.5882285
2020-07-22 01:00:00,113203968.57204905
2020-07-23 01:00:00,113943058.68242149
2020-07-24 01:00:00,113943058.68242149
2020-07-25 01:00:00,119239871.14009078
2020-07-26 01:00:00,120718051.36083578
2020-07-27 01:00:00,124043956.85751176
2020-07-28 01:00:00,124990478.24995862
2020-07-29 01:00:00,126940916.24508919
2020-07-30 01:00:00,126909829.43703118
2020-07-31 01:00:00,126308844.85317619
2020-08-01 01:00:00,124781881.42071433
2020-08-02 01:00:00,123681091.53514747
2020-08-03 01:00:00,121087964.30590864
2020-08-04 01:00:00,122154894.82121405
2020-08-05 01:00:00,122154894.82121405
2020-08-06 01:00:00,119881689.13893877
2020-08-07 01:00:00,122394179.62987462
2020-08-08 01:00:00,122274537.22554435
2020-08-09 01:00:00,122872749.24719577
2020-08-10 01:00:00,124667385.31214991
2020-08-11 01:00:00,121699816.45820163
2020-08-12 01:00:00,122886223.95061506
2020-08-13 01:00:00,126347972.69387735
2020-08-14 01:00:00,125375833.9150075
2020-08-15 01:00:00,127289349.96388794
2020-08-16 01:00:00,129075393.19033508
2020-08-17 01:00:00,128705025.71407251
2020-08-18 01:00:00,127334807.63169725
2020-08-19 01:00:00,125649847.98439695
2020-08-20 01:00:00,123363117.03448935
2020-08-21 01:00:00,123242762.7739679
2020-08-22 01:00:00,121798511.64771043
2020-08-23 01:00:00,119391426.43728134
2020-08-24 01:00:00,119993197.73988862
2020-08-25 01:00:00,123297691.91400088
2020-08-26 01:00:00,122408096.68320657
2020-08-27 01:00:00,123504835.10932179
2020-08-28 01:00:00,122017801.8251035
2020-08-29 01:00:00,123686955.52615394
2020-08-30 01:00:00,125523152.51213108
2020-08-31 01:00:00,122462847.34276728
2020-09-01 01:00:00,122817197.05918725
2020-09-02 01:00:00,126059072.31151097
2020-09-03 01:00:00,126308447.33092049
2020-09-04 01:00:00,126308447.33092049
2020-09-05 01:00:00,122817197.05918725
2020-09-06 01:00:00,122193759.51066346
2020-09-07 01:00:00,125061572.2338729
2020-09-08 01:00:00,128038750.60213156
2020-09-09 01:00:00,127930089.15456907
2020-09-10 01:00:00,128329210.60868761
2020-09-11 01:00:00,131707283.00142741
2020-09-12 01:00:00,131873589.68471669
2020-09-13 01:00:00,135233596.35173258
2020-09-14 01:00:00,136485959.17091686
2020-09-15 01:00:00,136485692.07769784
2020-09-16 01:00:00,136608874.11025897
2020-09-17 01:00:00,137347966.3056256
2020-09-18 01:00:00,139811606.95684758
2020-09-19 01:00:00,143137521.83599725
2020-09-20 01:00:00,140550699.15221414
2020-09-21 01:00:00,139904505.85300225
2020-09-22 01:00:00,138113015.65931174
2020-09-23 01:00:00,136590567.76792592
2020-09-24 01:00:00,136974413.0675965
2020-09-25 01:00:00,133839259.63432512
2020-09-26 01:00:00,136694669.32218263
2020-09-27 01:00:00,138914905.99167845
2020-09-28 01:00:00,140454294.33070654
2020-09-29 01:00:00,138259695.98178923
2020-09-30 01:00:00,139905644.7434772
2020-10-01 01:00:00,141825918.29877985
2020-10-02 01:00:00,140042807.14028457
2020-10-03 01:00:00,135516448.04564264
2020-10-04 01:00:00,135653610.44244996
2020-10-05 01:00:00,136460935.2778584
2020-10-06 01:00:00,137953248.43701744
2020-10-07 01:00:00,136429165.52396673
2020-10-08 01:00:00,135725586.01090178
2020-10-09 01:00:00,140918695.23724535
2020-10-10 01:00:00,141724961.08085743
2020-10-11 01:00:00,140610835.70341173
2020-10-12 01:00:00,138141088.9005937
2020-10-13 01:00:00,139374491.48006326
2020-10-14 01:00:00,144308101.79794163
2020-10-15 01:00:00,144034012.33583727
2020-10-16 01:00:00,142526520.29426333
2020-10-17 01:00:00,144308101.79794163
2020-10-18 01:00:00,146484944.0374199
2020-10-19 01:00:00,144339932.50425592
2020-10-20 01:00:00,141671570.50887823
2020-10-21 01:00:00,139371646.13118583
2020-10-22 01:00:00,137413336.253064
2020-10-23 01:00:00,136175009.87699607
2020-10-24 01:00:00,133536442.03601234
2020-10-25 01:00:00,133347787.62065108
2020-10-26 00:00:00,132921756.35029756
2020-10-27 00:00:00,130791599.99852994
2020-10-28 00:00:00,124401130.94322717
2020-10-29 00:00:00,120140818.23969199
2020-10-30 00:00:00,116022515.95960797
2020-10-31 00:00:00,113182307.49058452
2020-11-01 00:00:00,107643900.97598879
2020-11-02 00:00:00,108779984.36359818
2020-11-03 00:00:00,106649828.0118306
2020-11-04 00:00:00,110352547.38279946
2020-11-05 00:00:00,115107145.47938481
2020-11-06 00:00:00,117295045.8154021
2020-11-07 00:00:00,119772222.0675452
2020-11-08 00:00:00,121130852.4218934
2020-11-09 00:00:00,119831614.77952173
2020-11-10 00:00:00,128395929.46810678
2020-11-11 00:00:00,128159204.24421576
2020-11-12 00:00:00,126728589.87125707
2020-11-13 00:00:00,128278422.10862899
2020-11-14 00:00:00,126609372.00684384
2020-11-15 00:00:00,126132500.54919095
2020-11-16 00:00:00,127563114.92214963
2020-11-17 00:00:00,124869930.27180229
2020-11-18 00:00:00,126964111.470282
2020-11-19 00:00:00,130557849.91211641
2020-11-20 00:00:00,128602936.80096643
2020-11-21 00:00:00,133025455.05449376
2020-11-22 00:00:00,137215282.81839427
2020-11-23 00:00:00,141076183.18505344
2020-11-24 00:00:00,140083639.15004912
2020-11-25 00:00:00,137459413.9741784
2020-11-26 00:00:00,135709930.523598
2020-11-27 00:00:00,137334450.87056553
2020-11-28 00:00:00,135584967.4199851
2020-11-29 00:00:00,133710520.86579177
2020-11-30 00:00:00,131309769.58997223
2020-12-01 00:00:00,128313154.48992188
2020-12-02 00:00:00,131996845.77838087
2020-12-03 00:00:00,130449316.11808936
2020-12-04 00:00:00,133063743.47504067
2020-12-05 00:00:00,133409747.66795123
2020-12-06 00:00:00,133755751.8608618
2020-12-07 00:00:00,132914894.0268177
2020-12-08 00:00:00,137948518.46795613
2020-12-09 00:00:00,136860167.23743972
2020-12-10 00:00:00,137948518.46795613
2020-12-11 00:00:00,134275333.06496322
2020-12-12 00:00:00,133459069.64207591
2020-12-13 00:00:00,131826542.79630129
2020-12-14 00:00:00,134533587.6076591
2020-12-15 00:00:00,133351912.2347564
2020-12-16 00:00:00,132323572.3468348
2020-12-17 00:00:00,132373208.74072967
2020-12-18 00:00:00,131791042.04281811
2020-12-19 00:00:00,133832920.56666495
2020-12-20 00:00:00,136823648.10098034
2020-12-21 00:00:00,135635056.095611
2020-12-22 00:00:00,134441785.8073798
2020-12-23 00:00:00,134839542.57012355
2020-12-24 00:00:00,136297984.0335172
2020-12-25 00:00:00,135900227.2707735
2020-12-26 00:00:00,134176614.63221736
2020-12-27 00:00:00,131392317.29301126
2020-12-28 00:00:00,130994560.53026752
2020-12-29 00:00:00,134096925.47590554
2020-12-30 00:00:00,135214014.93546128
2020-12-31 00:00:00,137514350.89000145
2021-01-01 00:00:00,142734576.90930292
2021-01-02 00:00:00,143322827.58752072
2021-01-03 00:00:00,145103346.174645
2021-01-04 00:00:00,146350014.08380795
2021-01-05 00:00:00,148066610.06709138
2021-01-06 00:00:00,148727032.0566859
2021-01-07 00:00:00,149387454.0462804
2021-01-08 00:00:00,149651622.84211823
2021-01-09 00:00:00,149519538.44419932
2021-01-10 00:00:00,148690226.43303117
2021-01-11 00:00:00,151089413.12252626
2021-01-12 00:00:00,150775619.3287509
2021-01-13 00:00:00,151697118.4842938
2021-01-14 00:00:00,150562301.2930481
2021-01-15 00:00:00,149884529.1685857
2021-01-16 00:00:00,153019188.22568032
2021-01-17 00:00:00,155416162.8770074
2021-01-18 00:00:00,151611247.40167573
2021-01-19 00:00:00,150294161.27559942
2021-01-20 00:00:00,150440504.17849678
2021-01-21 00:00:00,148830732.2466257
2021-01-22 00:00:00,146196559.994473
2021-01-23 00:00:00,144294102.25680718
2021-01-24 00:00:00,145607574.2783185
2021-01-25 00:00:00,146698957.5340704
2021-01-26 00:00:00,146182103.57621285
2021-01-27 00:00:00,148185308.05110505
2021-01-28 00:00:00,148549580.94715503
2021-01-29 00:00:00,151113601.54145044
2021-01-30 00:00:00,152810307.74619314
2021-01-31 00:00:00,150095785.47639352
2021-02-01 00:00:00,150835173.58218858
2021-02-02 00:00:00,147877621.1590084
2021-02-03 00:00:00,146546722.56857732
2021-02-04 00:00:00,147729743.5378494
2021-02-05 00:00:00,149947907.85523453
2021-02-06 00:00:00,152461827.41493767
2021-02-07 00:00:00,156496366.0091922
2021-02-08 00:00:00,158947631.13423166
2021-02-09 00:00:00,165861253.11216184
2021-02-10 00:00:00,165150693.72026786
2021-02-11 00:00:00,164735889.5706919
2021-02-12 00:00:00,160711290.00435206
2021-02-13 00:00:00,157334595.3952425
2021-02-14 00:00:00,157086558.55281195
2021-02-15 00:00:00,156021048.95022506
2021-02-16 00:00:00,154346676.71758848
2021-02-17 00:00:00,150997932.25231537
2021-02-18 00:00:00,150236853.96475333
2021-02-19 00:00:00,151454579.22485262
2021-02-20 00:00:00,153151584.74440545
2021-02-21 00:00:00,151777617.95629352