,country,value,rank
0,China,5951.0,1
1,China,6625.888268308368,1
2,China,5705.033623964643,1
3,China,5858.509398021931,1
4,China,6165.460946136505,1
5,China,5398.082075850068,1
6,China,6318.936720193793,1
7,China,5244.606301792781,1
8,China,5551.557849907355,1
9,United States,3989.566399731,1
10,China,6472.41249425108,1
11,China,6453.0,1
12,China,6011.985172079218,1
13,United States,4621.686791849037,2
14,United States,4512.491739301586,2
15,United States,4033.0,2
16,United States,4403.296686754135,2
17,United States,4676.284318122762,2
18,United States,4785.479370670213,2
19,United States,4567.089265575311,2
20,United States,4730.881844396487,2
21,United States,4457.89421302786,2
22,Russia,965.1560464,2
23,United States,4840.076896943939,2
24,United States,3888.0,2
25,United States,4894.674423217664,2
26,Russia,1166.4039585134954,3
27,Russia,1253.7102882645077,3
28,Japan,902.842634,3
29,Russia,1282.8123981815115,3
30,Russia,1399.220837849528,3
31,Russia,1370.1187279325238,3
32,India,1277.0,3
33,Russia,1341.0166180155195,3
34,India,1226.0,3
35,Russia,1428.3229477665318,3
36,Russia,1224.6081783475036,3
37,Russia,1311.9145080985156,3
38,Russia,1195.5060684304997,3
39,India,1266.8551783797573,4
40,India,1238.6117123469637,4
41,Japan,1163.2989740229418,4
42,India,1323.3421104453444,4
43,Japan,1124.8532560360998,4
44,Brazil,597.2345504,4
45,India,1210.3682463141702,4
46,India,1182.1247802813766,4
47,Japan,949.0,4
48,Japan,940.0,4
49,India,1295.0986444125508,4
50,Japan,1150.4837346939944,4
51,Japan,1137.6684953650472,4
52,India,1097.3943821829962,5
53,Russia,919.0,5
54,Canada,549.26386279,5
55,India,1153.881314248583,5
56,India,1125.6378482157895,5
57,Japan,1227.3751706676787,5
58,Japan,1201.744692009784,5
59,Japan,1240.190409996626,5
60,India,1069.1509161502026,5
61,Japan,1188.929452680837,5
62,Japan,1176.1142133518892,5
63,Russia,929.0,5
64,Japan,1214.5599313387313,5
65,Germany,893.9926751821864,6
66,Germany,790.2963295303645,6
67,Germany,755.7308809797572,6
68,Germany,807.5790538056682,6
69,Canada,559.0,6
70,Germany,842.1445023562754,6
71,South Korea,527.035648,6
72,Germany,738.4481567044536,6
73,Canada,553.0,6
74,Germany,859.4272266315791,6
75,Germany,876.7099509068827,6
76,Germany,773.0136052550608,6
77,Germany,824.8617780809718,6
78,South Korea,691.5900993838056,7
79,Canada,614.4364804816856,7
80,South Korea,676.574451508502,7
81,Canada,634.0746052314781,7
82,South Korea,535.0,7
83,Canada,627.528563648214,7
84,South Korea,706.6057472591093,7
85,Canada,647.1666883980065,7
86,Canada,640.6206468147423,7
87,Canada,620.9825220649498,7
88,Germany,539.0,7
89,South Korea,661.5588036331983,7
90,Germany,524.268434,7
91,South Korea,571.4649163813765,8
92,Canada,666.804813147799,8
93,Brazil,517.0,8
94,Canada,660.2587715645348,8
95,Germany,533.0,8
96,South Korea,616.5118600072874,8
97,South Korea,601.4962121319838,8
98,France,449.422585,8
99,South Korea,631.5275078825911,8
100,South Korea,646.5431557578947,8
101,Canada,653.7127299812706,8
102,Canada,673.3508547310631,8
103,South Korea,586.4805642566802,8
104,Brazil,620.2897713811066,9
105,Brazil,609.0632092539811,9
106,Brazil,575.3835228726045,9
107,South Korea,512.0,9
108,Brazil,597.8366471268556,9
109,Brazil,653.9694577624831,9
110,Brazil,564.1569607454791,9
111,United Kingdom,300.520358,9
112,Brazil,552.9303986183536,9
113,Brazil,631.516333508232,9
114,Brazil,586.6100849997301,9
115,Brazil,642.7428956353576,9
116,Brazil,529.0,9
117,France,553.9652357446018,10
118,France,522.0865371261809,10
119,France,547.5894960209177,10
120,France,573.0924549156546,10
121,France,455.0,10
122,Italy,297.150052,10
123,France,534.8380165735493,10
124,France,450.0,10
125,France,515.7107974024966,10
126,France,541.2137562972334,10
127,France,566.7167151919703,10
128,France,560.3409754682862,10
129,France,528.462276849865,10
130,United Kingdom,359.8357927821863,11
131,Mexico,267.91059,11
132,Italy,370.59911043353566,11
133,Italy,374.92124130904176,11
134,United Kingdom,355.0784252170041,11
135,United Kingdom,362.2144765647773,11
136,Italy,366.27697955802967,11
137,Italy,383.5655030600539,11
138,Saudi Arabia,323.0,11
139,Saudi Arabia,322.0,11
140,Italy,379.2433721845479,11
141,United Kingdom,357.4571089995952,11
142,United Kingdom,352.699741434413,11
143,United Kingdom,307.0,12
144,United Kingdom,369.35052791255066,12
145,United Kingdom,371.72921169514177,12
146,United Kingdom,364.5931603473685,12
147,United Kingdom,374.1078954777328,12
148,Italy,348.98845605600536,12
149,Italy,344.66632518049926,12
150,Indonesia,263.1385035,12
151,United Kingdom,307.0,12
152,Italy,357.63271780701746,12
153,Italy,353.3105869315114,12
154,United Kingdom,366.9718441299596,12
155,Italy,361.9548486825236,12
156,Saudi Arabia,367.2036984210527,13
157,Saudi Arabia,335.9960654008098,13
158,Turkey,251.376078,13
159,Italy,302.0,13
160,Saudi Arabia,312.5903406356276,13
161,Saudi Arabia,359.401790165992,13
162,Saudi Arabia,304.78843238056686,13
163,Saudi Arabia,351.5998819109313,13
164,Saudi Arabia,328.19415714574905,13
165,Saudi Arabia,320.39224889068834,13
166,Italy,300.0,13
167,Saudi Arabia,343.7979736558705,13
168,Saudi Arabia,296.9865241255061,13
169,Spain,303.7823321221323,14
170,Taiwan,334.1939378110662,14
171,Spain,298.8811411039137,14
172,Mexico,271.0,14
173,Spain,241.562852,14
174,Taiwan,321.4875067843456,14
175,Taiwan,327.84072229770584,14
176,Taiwan,315.1342912709852,14
177,Taiwan,308.7810757576249,14
178,Spain,293.97995008569507,14
179,Spain,284.17756804925784,14
180,Spain,289.0787590674764,14
181,Mexico,261.0,14
182,Taiwan,289.7214292175439,15
183,Turkey,258.0,15
184,Australia,241.020131,15
185,Iran,252.0,15
186,Taiwan,283.3682137041836,15
187,Spain,318.4859051767881,15
188,Taiwan,302.42786024426454,15
189,Taiwan,277.0149981908233,15
190,Spain,323.3870961950068,15
191,Spain,308.6835231403509,15
192,Spain,313.5847141585696,15
193,Spain,328.28828721322543,15
194,Taiwan,296.07464473090425,15
195,Taiwan,237.55742556,16
196,Iran,255.0,16
197,Turkey,248.0,16
198,Mexico,315.4650191989205,16
199,Mexico,275.917717540216,16
200,Mexico,321.1146337215925,16
201,Mexico,287.2169465855601,16
202,Mexico,292.86656110823225,16
203,Mexico,298.5161756309043,16
204,Mexico,304.1657901535764,16
205,Mexico,326.76424824426465,16
206,Mexico,281.5673320628881,16
207,Mexico,309.8154046762484,16
208,Indonesia,249.0,17
209,Australia,273.4442250040486,17
210,Australia,260.3924895708502,17
211,Australia,299.5476958704453,17
212,Australia,295.1971173927126,17
213,Australia,286.495960437247,17
214,Australia,282.14538195951417,17
215,Australia,277.7948034817814,17
216,South Africa,210.3043921,17
217,Australia,269.0936465263158,17
218,Spain,245.0,17
219,Australia,290.84653891497976,17
220,Australia,264.743068048583,17
221,Iran,289.8313626759785,18
222,Iran,271.0471100278004,18
223,Iran,258.5242749290149,18
224,Poland,152.573352,18
225,Taiwan,247.0,18
226,Taiwan,242.0,18
227,Iran,283.56994512658576,18
228,South Africa,240.19806636774632,18
229,Iran,246.0014398302295,18
230,Iran,296.0927802253712,18
231,Iran,252.2628573796222,18
232,Iran,277.30852757719305,18
233,Iran,264.78569247840767,18
234,Sweden,131.798015,19
235,Turkey,252.6978642272605,19
236,South Africa,246.7864817483132,19
237,Turkey,264.8500903786776,19
238,Iran,239.7400222808368,19
239,Turkey,283.0784296058031,19
240,Turkey,270.92620345438604,19
241,Australia,231.0,19
242,Turkey,277.00231653009456,19
243,South Africa,243.49227405802972,19
244,Spain,245.0,19
245,Turkey,289.15454268151154,19
246,Turkey,258.77397730296906,19
247,South Africa,263.2575201997301,20
248,Turkey,240.54563807584356,20
249,Ukraine,128.8064393,20
250,Turkey,246.621751151552,20
251,South Africa,253.37489712888,20
252,Indonesia,221.0,20
253,South Africa,256.6691048191633,20
254,South Africa,269.8459355802969,20
255,South Africa,266.5517278900136,20
256,South Africa,259.9633125094468,20
257,South Africa,250.08068943859652,20
258,Australia,234.0,20
259,Turkey,234.469525000135,20
260,Indonesia,253.9928430618084,21
261,Norway,124.126519,21
262,Indonesia,242.69027643508767,21
263,Indonesia,220.08514318164643,21
264,Indonesia,214.4338598682861,21
265,Indonesia,225.73642649500675,21
266,Indonesia,237.0389931217274,21
267,Indonesia,208.78257655492575,21
268,South Africa,208.0,21
269,Vietnam,217.0,21
270,Indonesia,259.6441263751687,21
271,Indonesia,231.38770980836708,21
272,Indonesia,248.34155974844808,21
273,Ukraine,202.359716745749,22
274,Ukraine,197.95895958623484,22
275,Ukraine,193.55820242672067,22
276,Thailand,184.0,22
277,Ukraine,215.56198822429155,22
278,Ukraine,206.7604739052632,22
279,Ukraine,219.9627453838057,22
280,Ukraine,228.764259702834,22
281,Ukraine,211.16123106477733,22
282,Thailand,233.44871654520924,22
283,Netherlands,110.68171,22
284,South Africa,207.0,22
285,Ukraine,224.36350254331987,22
286,Philippines,93.3543207,23
287,Thailand,194.62233934682865,23
288,Ukraine,233.16501686234815,23
289,Thailand,189.76904219703107,23
290,Vietnam,178.0,23
291,Thailand,223.74212224561407,23
292,Thailand,186.0,23
293,Thailand,204.3289336464238,23
294,Thailand,209.18223079622135,23
295,Thailand,228.59541939541165,23
296,Thailand,214.03552794601893,23
297,Thailand,218.8888250958165,23
298,Thailand,199.47563649662624,23
299,Poland,157.0,24
300,Poland,153.0,24
301,Egypt,147.59331761012152,24
302,Egypt,162.15445072267212,24
303,Egypt,180.3558671133604,24
304,Egypt,158.51416744453448,24
305,Egypt,169.43501727894744,24
306,Egypt,176.71558383522276,24
307,Egypt,151.2336008882592,24
308,Egypt,165.7947340008098,24
309,Finland,84.206701,24
310,Egypt,154.87388416639683,24
311,Egypt,173.0753005570851,24
312,Malaysia,160.40281470445345,25
313,Malaysia,156.6011068016195,25
314,Belgium,82.051496,25
315,Malaysia,148.99769099595144,25
316,Malaysia,152.79939889878546,25
317,Egypt,151.0,25
318,Malaysia,144.0,25
319,Poland,145.7549429568151,25
320,Poland,146.962483268556,25
321,Malaysia,175.6096463157895,25
322,Malaysia,164.20452260728746,25
323,Malaysia,168.00623051012147,25
324,Malaysia,171.80793841295548,25
325,Vietnam,166.2411049176788,26
326,Sweden,141.73976595276653,26
327,Vietnam,161.9682552273954,26
328,Malaysia,145.19598309311743,26
329,Chile,74.99209,26
330,Vietnam,170.5139546079622,26
331,Vietnam,157.69540553711198,26
332,Poland,149.3775638920378,26
333,Malaysia,147.0,26
334,Vietnam,153.42255584682863,26
335,Vietnam,174.7868042982456,26
336,Egypt,143.0,26
337,Poland,148.1700235802969,26
338,Vietnam,144.8768564662618,27
339,Vietnam,149.14970615654522,27
340,Poland,150.58510420377868,27
341,Malaysia,141.39427519028342,27
342,Sweden,132.0,27
343,Sweden,142.4394085317139,27
344,Poland,153.00018482726043,27
345,Austria,66.848708,27
346,Poland,151.79264451551958,27
347,Argentina,159.42520505398113,27
348,Poland,154.20772513900135,27
349,Sweden,130.0,27
350,Argentina,156.57745543252364,27
351,Argentina,150.88195618960864,28
352,Czech Republic,63.919966,28
353,Argentina,125.0,28
354,Poland,156.62280576248315,28
355,Vietnam,136.331157085695,28
356,Argentina,153.72970581106614,28
357,Ukraine,127.0,28
358,Poland,155.41526545074225,28
359,Vietnam,140.6040067759784,28
360,Sweden,143.13905111066128,28
361,Argentina,148.03420656815118,28
362,Argentina,145.18645694669368,28
363,Sweden,143.83869368960865,28
364,Sweden,145.93762142645073,29
365,Norway,126.0,29
366,Argentina,139.4909577037787,29
367,Sweden,146.63726400539812,29
368,Argentina,142.3387073252362,29
369,Sweden,148.03654916329285,29
370,Sweden,145.23797884750337,29
371,Switzerland,56.35254,29
372,Argentina,136.64320808232122,29
373,Sweden,147.33690658434548,29
374,Ukraine,124.0,29
375,Sweden,144.538336268556,29
376,Argentina,133.7954584608637,29
377,Norway,123.0,30
378,Norway,133.76148915114712,30
379,Romania,55.0077777,30
380,Norway,132.6610572705803,30
381,Netherlands,140.13761670310393,30
382,Norway,128.25932974831312,30
383,Netherlands,138.4764714634278,30
384,Norway,129.3597616288799,30
385,Norway,131.5606253900135,30
386,Netherlands,136.8153262237517,30
387,Norway,130.4601935094467,30
388,Netherlands,135.1541809840756,30
389,Argentina,125.0,30
390,Netherlands,125.18730954601892,31
391,Netherlands,128.50960002537113,31
392,United Arab Emirates,139.03725074224025,31
393,Norway,134.8619210317139,31
394,Norway,135.96235291228072,31
395,Pakistan,121.0,31
396,Netherlands,130.17074526504723,31
397,Netherlands,133.4930357443995,31
398,Greece,53.63537,31
399,Norway,137.0627847928475,31
400,United Arab Emirates,118.0,31
401,Netherlands,131.83189050472336,31
402,Netherlands,126.84845478569504,31
403,United Arab Emirates,119.0,32
404,United Arab Emirates,126.5237860620783,32
405,United Arab Emirates,114.01032138191636,32
406,United Arab Emirates,117.13868755195683,32
407,Norway,138.16321667341433,32
408,United Arab Emirates,123.3954198920378,32
409,United Arab Emirates,110.88195521187586,32
410,United Arab Emirates,129.65215223211877,32
411,United Arab Emirates,132.78051840215926,32
412,Portugal,48.035112,32
413,Netherlands,110.0,32
414,United Arab Emirates,135.90888457219975,32
415,United Arab Emirates,120.26705372199731,32
416,Pakistan,114.5720224349528,33
417,Pakistan,102.5385021343455,33
418,Pakistan,106.0,33
419,Pakistan,116.97872649507426,33
420,Netherlands,112.0,33
421,Pakistan,107.35191025458845,33
422,Pakistan,112.16531837483134,33
423,Pakistan,104.94520619446696,33
424,Pakistan,124.19883867543864,33
425,Pakistan,119.38543055519573,33
426,Pakistan,121.79213461531718,33
427,Singapore,47.58252,33
428,Pakistan,109.75861431470987,33
429,Kazakhstan,122.54002169365724,34
430,Kazakhstan,114.82584031916332,34
431,Kazakhstan,101.96887136167344,34
432,Kazakhstan,117.39723411066127,34
433,Hungary,41.620749,34
434,Kazakhstan,109.68305273616735,34
435,Kazakhstan,92.0,34
436,Kazakhstan,119.96862790215928,34
437,Kazakhstan,104.54026515317142,34
438,Kazakhstan,112.25444652766534,34
439,Kazakhstan,107.1116589446694,34
440,Kazakhstan,87.0,34
441,Kazakhstan,99.39747757017544,34
442,Philippines,86.0,35
443,Finland,104.65434053981105,35
444,Finland,105.92159651147097,35
445,Finland,98.31806068151144,35
446,Finland,97.05080470985152,35
447,Finland,107.18885248313089,35
448,New Zealand,41.165451,35
449,Finland,83.0,35
450,Finland,103.38708456815112,35
451,Finland,102.1198285964912,35
452,Finland,100.85257262483128,35
453,Finland,95.7835487381916,35
454,Finland,99.58531665317136,35
455,Belgium,98.2341594547908,36
456,Belgium,105.18794406207826,36
457,Bulgaria,33.1343173,36
458,Belgium,100.55208765721996,36
459,Belgium,94.75726715114708,36
460,Belgium,104.0289799608637,36
461,Belgium,101.71105175843454,36
462,Belgium,95.91623125236164,36
463,Belgium,83.0,36
464,Finland,85.0,36
465,Belgium,102.87001585964911,36
466,Belgium,99.39312355600538,36
467,Belgium,97.07519535357623,36
468,Czech Republic,102.4088960748988,37
469,Philippines,82.0,37
470,Venezuela,97.88014376653176,37
471,Venezuela,96.4971921835358,37
472,Venezuela,89.58243426855603,37
473,Venezuela,100.64604693252365,37
474,Venezuela,90.965385851552,37
475,Venezuela,95.11424060053984,37
476,Venezuela,92.34833743454794,37
477,Venezuela,99.2630953495277,37
478,Venezuela,93.73128901754389,37
479,Belarus,32.736415,37
480,Belgium,83.0,37
481,Czech Republic,98.15248104939272,38
482,Czech Republic,89.63965099838057,38
483,Czech Republic,96.02427353663968,38
484,Czech Republic,93.89606602388665,38
485,Venezuela,102.0289985155196,38
486,Czech Republic,91.7678585111336,38
487,Czech Republic,85.3832359728745,38
488,Denmark,32.703064,38
489,Colombia,72.0,38
490,Chile,76.0,38
491,Czech Republic,83.25502846012147,38
492,Czech Republic,100.28068856214576,38
493,Czech Republic,87.51144348562754,38
494,Chile,92.247760780027,39
495,Chile,88.54931116221323,39
496,Bangladesh,71.0,39
497,Chile,81.1524119265857,39
498,Chile,83.00163673549258,39
499,Chile,84.85086154439946,39
500,Philippines,79.33495046986506,39
501,Philippines,75.80830117326587,39
502,Philippines,77.57162582156548,39
503,Chile,72.0,39
504,Chile,86.70008635330635,39
505,Ireland,27.202795,39
506,Chile,90.39853597112013,39
507,Philippines,82.86159976646425,40
508,Colombia,70.0,40
509,Philippines,86.38824906306345,40
510,Chile,77.45396230877193,40
511,Philippines,84.62492441476385,40
512,Slovakia,26.236542,40
513,Philippines,81.09827511816466,40
514,Chile,75.60473749986505,40
515,Bangladesh,66.0,40
516,Philippines,91.67822300796225,40
517,Philippines,89.91489835966264,40
518,Chile,79.30318711767882,40
519,Philippines,88.15157371136304,40
520,Austria,76.03377688232118,41
521,Austria,77.90222872928474,41
522,Austria,75.0995509588394,41
523,Austria,76.96800280580297,41
524,Austria,73.23109911187584,41
525,Austria,79.77068057624831,41
526,Austria,71.36264726491228,41
527,Austria,74.16532503535763,41
528,Austria,78.83645465276652,41
529,Austria,72.29687318839404,41
530,Austria,66.0,41
531,Iceland,18.679313,41
532,Austria,66.0,41
533,Greece,72.330158974359,42
534,Greece,73.45906205128207,42
535,Venezuela,66.0,42
536,Greece,68.94344974358977,42
537,Greece,75.71686820512824,42
538,Venezuela,65.0,42
539,Greece,65.55674051282054,42
540,Greece,71.20125589743591,42
541,Greece,74.58796512820516,42
542,Greece,67.8145466666667,42
543,Greece,66.68564358974362,42
544,Croatia,17.4749266,42
545,Greece,70.07235282051285,42
546,Colombia,65.67325387584347,43
547,Colombia,71.91252375438597,43
548,Colombia,73.16037773009448,43
549,Tajikistan,16.0853177,43
550,Colombia,68.16896182726047,43
551,Czech Republic,64.0,43
552,Colombia,66.92110785155197,43
553,Colombia,74.40823170580298,43
554,Colombia,70.66466977867748,43
555,Czech Republic,64.0,43
556,Colombia,75.65608568151148,43
557,Colombia,69.41681580296897,43
558,Switzerland,64.49357321909582,43
559,Algeria,60.0,44
560,Israel,73.60535811538462,44
561,Switzerland,67.11783194703105,44
562,Slovenia,14.023035,44
563,Algeria,62.0,44
564,Switzerland,65.14963790107963,44
565,Colombia,64.42539990013496,44
566,Israel,68.22765056153847,44
567,Israel,70.91650433846154,44
568,Israel,69.57207745000001,44
569,Israel,72.26093122692308,44
570,Switzerland,66.46176726504724,44
571,Switzerland,65.80570258306344,44
572,Israel,61.50551611923077,45
573,Kuwait,59.0,45
574,Georgia,12.1789608,45
575,Israel,64.19436989615384,45
576,Israel,65.53879678461539,45
577,Switzerland,59.0,45
578,Switzerland,69.74209067496628,45
579,Switzerland,68.42996131099866,45
580,Switzerland,67.77389662901486,45
581,Israel,62.84994300769231,45
582,Israel,66.88322367307693,45
583,Kuwait,70.93878303643726,45
584,Switzerland,69.08602599298247,45
585,Kuwait,59.0,46
586,Kuwait,69.562019242915,46
587,Kuwait,65.4317278623482,46
588,Kuwait,61.301436481781394,46
589,Switzerland,58.0,46
590,Kuwait,64.05496406882592,46
591,Lithuania,11.306302,46
592,Kuwait,62.67820027530366,46
593,Switzerland,70.39815535695007,46
594,Kuwait,68.18525544939273,46
595,Kuwait,58.54790889473686,46
596,Kuwait,66.80849165587045,46
597,Kuwait,59.92467268825913,46
598,Uzbekistan,59.91308197543861,47
599,Israel,56.0,47
600,Uzbekistan,57.1457852774629,47
601,Uzbekistan,64.06402702240217,47
602,Uzbekistan,61.29673032442646,47
603,Greece,58.0,47
604,Uzbekistan,66.83132372037788,47
605,Uzbekistan,62.68037867341432,47
606,Uzbekistan,65.44767537139003,47
607,Uzbekistan,68.21497206936573,47
608,Uzbekistan,58.52943362645075,47
609,Bolivia,9.0573537,47
610,Uzbekistan,69.59862041835359,47
611,Israel,55.0,48
612,Portugal,58.76509482186236,48
613,Portugal,59.81584339271256,48
614,Portugal,60.86659196356276,48
615,Portugal,62.96808910526317,48
616,Bangladesh,65.29134400789474,48
617,Portugal,56.66359768016195,48
618,Portugal,57.71434625101215,48
619,Portugal,61.917340534412965,48
620,Estonia,8.857956,48
621,Romania,52.0,48
622,Portugal,64.01883767611338,48
623,Bangladesh,66.85051420445345,48
624,Bangladesh,60.61383341821862,49
625,Bangladesh,59.05466322165992,49
626,North Macedonia,7.023724,49
627,Bangladesh,62.17300361477733,49
628,Bangladesh,57.49549302510121,49
629,Portugal,66.12033481781377,49
630,Romania,51.0,49
631,Portugal,65.06958624696358,49
632,Singapore,53.08927281025643,49
633,Greece,51.0,49
634,Bangladesh,54.377152631983805,49
635,Bangladesh,55.93632282854252,49
636,Bangladesh,63.732173811336025,49
637,Latvia,6.876723,50
638,Singapore,63.13268524102566,50
639,Singapore,58.11097902564104,50
640,Singapore,60.62183213333336,50
641,Singapore,55.60012591794874,50
642,Singapore,61.87725868717951,50
643,Singapore,49.0,50
644,Uzbekistan,49.0,50
645,Bangladesh,52.8179824354251,50
646,Singapore,54.34469936410258,50
647,Singapore,59.3664055794872,50
648,Singapore,64.38811179487182,50
649,Singapore,56.855552471794894,50
650,Algeria,61.49014923144401,51
651,Algeria,62.78476170715251,51
652,Hong Kong,52.24911558022944,51
653,El Salvador,6.21199574,51
654,Hong Kong,54.25745167456142,51
655,Hong Kong,55.26161972172741,51
656,Algeria,60.1955367557355,51
657,Algeria,57.60631180431851,51
658,Algeria,56.31169932861,51
659,Uzbekistan,48.0,51
660,Algeria,58.90092428002701,51
661,Singapore,49.0,51
662,Hong Kong,53.25328362739543,51
663,Algeria,52.42786190148449,52
664,Hong Kong,57.2699558160594,52
665,Portugal,48.0,52
666,Hong Kong,58.27412386322539,52
667,Portugal,47.0,52
668,Algeria,55.0170868529015,52
669,Algeria,51.133249425776,52
670,Hong Kong,56.26578776889341,52
671,Hong Kong,59.27829191039138,52
672,Algeria,53.722474377193,52
673,Moldova,5.9566105,52
674,Hong Kong,61.28662800472337,52
675,Hong Kong,60.28245995755738,52
676,New Zealand,45.50919071538463,53
677,New Zealand,47.77514860769232,53
678,Belarus,48.78174600809718,53
679,New Zealand,47.2086591346154,53
680,New Zealand,46.07568018846155,53
681,New Zealand,46.64216966153848,53
682,New Zealand,44.942701242307706,53
683,Belarus,51.87635522267208,53
684,Belarus,50.84481881781378,53
685,Luxembourg,5.816501,53
686,Peru,46.0,53
687,Belarus,49.81328241295548,53
688,Peru,47.0,53
689,Belarus,45.687136793522285,54
690,Hong Kong,44.0,54
691,New Zealand,49.474617026923084,54
692,New Zealand,48.34163808076924,54
693,Hong Kong,45.0,54
694,Peru,50.30087195681511,54
695,New Zealand,48.90812755384616,54
696,Belarus,44.655600388663984,54
697,Belarus,42.59252757894738,54
698,Belarus,46.71867319838058,54
699,Belarus,43.62406398380568,54
700,Armenia,5.7905171,54
701,Belarus,47.75020960323888,54
702,Peru,46.40793942240215,55
703,Peru,43.48824002159244,55
704,Iraq,44.0,55
705,Peru,47.3811725560054,55
706,Peru,45.434706288798914,55
707,Peru,42.5150068879892,55
708,Hungary,41.0,55
709,Kosovo,5.7154386,55
710,Peru,44.46147315519568,55
711,New Zealand,50.04110650000001,55
712,Peru,49.32763882321187,55
713,Peru,48.35440568960863,55
714,Romania,41.821275874493935,55
715,Iraq,41.0,56
716,Iraq,45.4380695465587,56
717,Qatar,43.0,56
718,Iraq,44.75401937044534,56
719,Iraq,46.80616989878543,56
720,Cyprus,4.5238734,56
721,Iraq,42.0178186659919,56
722,Iraq,44.06996919433198,56
723,Iraq,41.333768489878544,56
724,Iraq,43.38591901821862,56
725,Iraq,42.70186884210526,56
726,Peru,41.54177375438597,56
727,Iraq,46.12211972267206,56
728,Hungary,40.265139179757085,57
729,Hungary,41.0,57
730,Qatar,40.0,57
731,Slovakia,44.02106407557355,57
732,Romania,40.72120382591095,57
733,Hungary,40.52960378340081,57
734,Iraq,40.64971831376519,57
735,Romania,41.27123985020244,57
736,Slovakia,42.22035958164642,57
737,Malta,2.456173,57
738,Slovakia,43.120711828609984,57
739,Slovakia,41.32000733468286,57
740,Hungary,40.79406838704453,57
741,Hungary,41.32299759433198,58
742,New Zealand,40.0,58
743,New Zealand,40.0,58
744,Slovakia,40.4196550877193,58
745,Hungary,39.73620997246964,58
746,Cayman Islands,0.64650345,58
747,Romania,39.621131777327946,58
748,Hungary,41.05853299068826,58
749,Qatar,42.15918939838057,58
750,Romania,40.17116780161945,58
751,Hungary,40.00067457611336,58
752,Hungary,39.47174536882591,58
753,Qatar,43.149558441295554,58
754,Denmark,36.67122948306343,59
755,Qatar,40.17845131255061,59
756,Slovakia,37.71859834682861,59
757,Slovakia,39.519302840755735,59
758,Hungary,41.85192680161944,59
759,Bulgaria,34.0,59
760,Denmark,33.0,59
761,Hungary,41.58746219797571,59
762,Slovakia,38.61895059379217,59
763,Qatar,39.18808226963563,59
764,Denmark,36.96097094318489,59
765,Faroe Islands,0.355074,59
766,Qatar,41.16882035546559,59
767,Serbia,39.77939968488531,60
768,Dominican Republic,0.08386554,60
769,Slovakia,35.917893852901486,60
770,Denmark,37.250712403306345,60
771,Slovakia,36.81824609986505,60
772,Qatar,38.19771322672065,60
773,Denmark,38.699419703913634,60
774,Bulgaria,33.0,60
775,Romania,38.52105972874495,60
776,Denmark,33.0,60
777,Denmark,37.5404538634278,60
778,Denmark,38.98916116403509,60
779,Romania,39.071095753036445,60
780,Denmark,39.278902624156544,61
781,Denmark,38.40967824379217,61
782,Qatar,35.22660609797571,61
783,Afghanistan,,61
784,Qatar,37.20734418380568,61
785,Denmark,38.11993678367072,61
786,Romania,37.97102370445346,61
787,Denmark,37.83019532354926,61
788,Belarus,33.0,61
789,Qatar,34.236237055060734,61
790,Qatar,36.21697514089069,61
791,Serbia,38.77721837658572,61
792,Belarus,32.0,61
793,Serbia,31.761949218488542,62
794,Serbia,32.76413052678814,62
795,Serbia,37.77503706828612,62
796,Oman,31.0,62
797,Serbia,30.759767910188955,62
798,Serbia,36.77285575998653,62
799,Romania,36.870951655870456,62
800,Albania,,62
801,Serbia,35.77067445168693,62
802,Romania,37.42098768016196,62
803,Oman,32.0,62
804,Serbia,33.76631183508774,62
805,Serbia,34.76849314338733,62
806,Morocco,30.0,63
807,Morocco,33.55933451187585,63
808,Morocco,36.382711213900144,63
809,Morocco,34.971022862888,63
810,Morocco,30.735957809851563,63
811,Morocco,30.03011363434549,63
812,Morocco,32.14764616086371,63
813,Algeria,,63
814,Morocco,34.265178687381926,63
815,Morocco,35.67686703839407,63
816,Morocco,30.0,63
817,Morocco,32.85349033636978,63
818,Morocco,31.441801985357635,63
819,Ireland,32.29483385863698,64
820,Ireland,30.589763755600544,64
821,Ireland,31.726477157624835,64
822,American Samoa,,64
823,Serbia,30.0,64
824,Ireland,35.13661736369771,64
825,Serbia,30.0,64
826,Ireland,34.56826066268556,64
827,Ireland,33.43154726066127,64
828,Ireland,30.0214070545884,64
829,Ireland,33.99990396167342,64
830,Ireland,31.15812045661269,64
831,Ireland,32.86319055964913,64
832,Bahrain,32.35249324156545,65
833,Bulgaria,28.22567865047233,65
834,Angola,,65
835,Bahrain,30.032292852901485,65
836,Bahrain,33.12589337112011,65
837,Bahrain,28.485492593792173,65
838,Bahrain,30.805692982456137,65
839,Bahrain,33.899293500674766,65
840,Bahrain,29.258892723346825,65
841,Bahrain,34.67269363022942,65
842,Slovakia,28.0,65
843,Bahrain,31.5790931120108,65
844,Nigeria,29.0,65
845,Syria,31.3608608731444,66
846,Syria,29.513978439946012,66
847,Bahrain,27.712092464237514,66
848,Nigeria,28.0,66
849,Syria,30.745233395411603,66
850,Syria,31.97648835087719,66
851,Syria,28.282723484480428,66
852,Antigua and Barbuda,,66
853,Syria,28.89835096221322,66
854,Syria,32.592115828609984,66
855,Syria,33.20774330634278,66
856,Syria,30.12960591767881,66
857,Slovakia,28.0,66
858,Nigeria,29.059366933198383,67
859,Argentina,,67
860,Nigeria,32.14894139676114,67
861,Libya,28.48237325775979,67
862,Nigeria,29.67728182591093,67
863,Syria,27.66709600674764,67
864,Bahrain,27.0,67
865,Nigeria,30.913111611336035,67
866,Bahrain,26.0,67
867,Libya,27.930547278002702,67
868,Bulgaria,28.004896488529013,67
869,Nigeria,31.531026504048587,67
870,Nigeria,30.295196718623487,67
871,Ireland,26.0,68
872,Aruba,,68
873,Nigeria,27.823537147773283,68
874,Nigeria,28.441452040485835,68
875,Libya,30.137851197031047,68
876,Libya,31.7933291363023,68
877,Libya,26.826895318488532,68
878,Libya,27.37872129824562,68
879,Libya,29.03419923751688,68
880,Libya,29.58602521727396,68
881,Libya,30.68967717678813,68
882,Ireland,27.0,68
883,Libya,31.24150315654521,68
884,Oman,30.96091964912282,69
885,Oman,28.853926248313098,69
886,Libya,26.0,69
887,Nigeria,27.20562225506073,69
888,Bulgaria,27.56333216464237,69
889,Libya,25.0,69
890,Bulgaria,27.78411432658569,69
891,Oman,27.449263981106625,69
892,Oman,29.556257381916332,69
893,Oman,28.15159511470986,69
894,Oman,30.25858851551958,69
895,Nigeria,26.587707362348183,69
896,Azerbaijan,,69
897,Ecuador,25.0,70
898,Azerbaijan,27.4459584291498,70
899,Oman,25.342270580296905,70
900,Oman,26.044601713900143,70
901,Azerbaijan,29.287073514170046,70
902,Bulgaria,27.342550002699053,70
903,Bahrain,,70
904,Oman,26.74693284750338,70
905,Ecuador,24.0,70
906,Oman,24.639939446693663,70
907,Azerbaijan,29.900778542510125,70
908,Azerbaijan,28.673368485829965,70
909,Azerbaijan,28.059663457489883,70
910,Azerbaijan,20.0,71
911,Bulgaria,27.12176784075573,71
912,Ecuador,27.15188008502025,71
913,Azerbaijan,26.21854837246964,71
914,Azerbaijan,26.83225340080972,71
915,Azerbaijan,25.60484334412956,71
916,Azerbaijan,20.0,71
917,Bulgaria,26.90098567881241,71
918,Bulgaria,26.68020351686909,71
919,Azerbaijan,24.99113831578948,71
920,Bangladesh,,71
921,Ecuador,26.58498941295547,71
922,Azerbaijan,24.3774332874494,71
923,Ecuador,23.750536052631585,72
924,Ecuador,25.45120806882592,72
925,Barbados,,72
926,Ecuador,26.018098740890693,72
927,Iceland,19.0,72
928,Ecuador,24.884317396761137,72
929,Bulgaria,26.459421354925773,72
930,Ecuador,24.31742672469636,72
931,Ecuador,22.049864036437253,72
932,Bulgaria,26.23863919298245,72
933,Ecuador,23.183645380566805,72
934,Lebanon,18.0,72
935,Ecuador,22.61675470850203,72
936,Croatia,23.60627148609987,73
937,Croatia,24.691180590553312,73
938,Croatia,25.233635142780034,73
939,Croatia,21.43645327719299,73
940,Croatia,25.776089695006757,73
941,Croatia,22.52136238164643,73
942,Burma,18.0,73
943,Croatia,20.893998724966263,73
944,Croatia,23.06381693387315,73
945,Jordan,18.0,73
946,Croatia,24.14872603832659,73
947,Croatia,21.978907829419708,73
948,Belize,,73
949,Puerto Rico,20.994806448329285,74
950,Puerto Rico,21.41958224360864,74
951,Puerto Rico,22.26913383416734,74
952,Puerto Rico,22.481521731807018,74
953,Benin,,74
954,Puerto Rico,21.20719434596896,74
955,Iceland,18.0,74
956,Tajikistan,22.861176815114717,74
957,Puerto Rico,20.78241855068961,74
958,Puerto Rico,21.631970141248317,74
959,Puerto Rico,22.056745936527665,74
960,Lebanon,18.0,74
961,Puerto Rico,21.84435803888799,74
962,Jordan,17.0,75
963,Tajikistan,21.083825171390018,75
964,Tajikistan,20.19514934952767,75
965,Tajikistan,22.416838904183543,75
966,Tajikistan,18.862135616734147,75
967,Croatia,17.0,75
968,Tajikistan,21.528163082321196,75
969,Tajikistan,19.750811438596497,75
970,Bermuda,,75
971,Tajikistan,21.972500993252368,75
972,Tajikistan,19.30647352766532,75
973,Tajikistan,20.639487260458843,75
974,Iceland,22.7451367165992,75
975,Iceland,18.537313055465592,76
976,Iceland,20.874992867206483,76
977,Burma,17.0,76
978,Iceland,19.47238498016195,76
979,Iceland,21.342528829554663,76
980,Iceland,19.00484901781377,76
981,Croatia,17.0,76
982,Iceland,21.810064791902843,76
983,Bhutan,,76
984,Iceland,22.27760075425102,76
985,Iceland,19.939920942510128,76
986,Iceland,20.407456904858307,76
987,Puerto Rico,22.693909629446694,76
988,Lebanon,19.58619420377868,77
989,Lebanon,18.23793049932524,77
990,Dominican Republic,16.0,77
991,Lebanon,19.136772968960862,77
992,Lebanon,20.48503667341431,77
993,Tunisia,16.0,77
994,Lebanon,21.38387914304994,77
995,Lebanon,20.93445790823212,77
996,Bosnia and Herzegovina,,77
997,Lebanon,17.788509264507425,77
998,Lebanon,21.83330037786775,77
999,Lebanon,20.03561543859649,77
1000,Lebanon,18.687351734143054,77
1001,Slovenia,17.743413778731444,78
1002,Slovenia,19.099144999136303,78
1003,Slovenia,20.454876219541163,78
1004,Slovenia,18.647234592334684,78
1005,Slovenia,19.551055405937923,78
1006,Tunisia,16.0,78
1007,Slovenia,20.002965812739543,78
1008,Slovenia,21.3586970331444,78
1009,Dominican Republic,16.0,78
1010,Botswana,,78
1011,Slovenia,18.195324185533064,78
1012,Slovenia,20.906786626342782,78
1013,Slovenia,21.81060743994602,78
1014,Jordan,17.806580026315793,79
1015,Jordan,18.706749058704457,79
1016,British Virgin Islands,,79
1017,Jordan,17.356495510121462,79
1018,Jordan,18.256664542510126,79
1019,Jordan,20.95717163967612,79
1020,Jordan,19.15683357489879,79
1021,Cuba,16.0,79
1022,Jordan,20.05700260728745,79
1023,Cuba,16.0,79
1024,Jordan,19.60691809109312,79
1025,Jordan,16.90641099392713,79
1026,Jordan,20.507087123481785,79
1027,Tunisia,18.207257607962216,80
1028,Tunisia,17.432317717273957,80
1029,Tunisia,17.819787662618086,80
1030,Puerto Rico,15.0,80
1031,Turkmenistan,15.0,80
1032,Tunisia,20.144607334682867,80
1033,Tunisia,19.757137389338737,80
1034,Tunisia,16.657377826585698,80
1035,Tunisia,18.982197498650475,80
1036,Brunei,,80
1037,Tunisia,18.594727553306345,80
1038,Tunisia,17.04484777192983,80
1039,Tunisia,19.369667443994604,80
1040,Turkmenistan,19.508464395411607,81
1041,Puerto Rico,14.0,81
1042,Turkmenistan,17.30317672334683,81
1043,Turkmenistan,15.980004120107964,81
1044,Turkmenistan,17.744234257759786,81
1045,Turkmenistan,19.949521929824563,81
1046,Turkmenistan,16.42106165452092,81
1047,Burkina Faso,,81
1048,Turkmenistan,19.06740686099865,81
1049,Turkmenistan,16.862119188933875,81
1050,Turkmenistan,18.18529179217274,81
1051,Turkmenistan,15.0,81
1052,Turkmenistan,18.626349326585697,81
1053,Dominican Republic,19.342616126855606,82
1054,Dominican Republic,18.55064486369771,82
1055,Dominican Republic,15.778745442645077,82
1056,Dominican Republic,17.758673600539815,82
1057,Slovenia,14.0,82
1058,Dominican Republic,16.96670233738192,82
1059,Dominican Republic,18.154659232118764,82
1060,Sri Lanka,14.0,82
1061,Dominican Republic,18.946630495276658,82
1062,Dominican Republic,17.36268796896087,82
1063,Dominican Republic,16.570716705802973,82
1064,Burma,,82
1065,Dominican Republic,16.174731074224027,82
1066,Bosnia and Herzegovina,17.27683358232119,83
1067,Cuba,16.216944886909584,83
1068,Cuba,15.767445772739544,83
1069,Bosnia and Herzegovina,16.879086968960866,83
1070,Burundi,,83
1071,Cuba,15.617612734682863,83
1072,Bosnia and Herzegovina,17.674580195681514,83
1073,Bosnia and Herzegovina,16.481340355600544,83
1074,Cuba,15.467779696626184,83
1075,Cuba,16.067111848852903,83
1076,Mozambique,14.0,83
1077,Cuba,15.917278810796224,83
1078,Syria,14.0,83
1079,Bosnia and Herzegovina,14.492607288798922,84
1080,Tajikistan,14.0,84
1081,Cuba,16.816277039136306,84
1082,Cuba,16.516610963022945,84
1083,Cuba,16.366777924966264,84
1084,Bosnia and Herzegovina,16.083593742240218,84
1085,Bosnia and Herzegovina,14.890353902159248,84
1086,Cuba,16.666444001079626,84
1087,Cabo Verde,,84
1088,Tajikistan,14.0,84
1089,Bosnia and Herzegovina,15.28810051551957,84
1090,Bosnia and Herzegovina,14.0948606754386,84
1091,Bosnia and Herzegovina,15.685847128879896,84
1092,Paraguay,13.0,85
1093,Lithuania,15.923490169095816,85
1094,Cambodia,,85
1095,Lithuania,13.624045973549258,85
1096,Lithuania,13.95253800148448,85
1097,Syria,14.0,85
1098,Lithuania,14.281030029419703,85
1099,Lithuania,13.29555394561404,85
1100,Lithuania,15.266506113225372,85
1101,Lithuania,16.25198219703104,85
1102,Lithuania,14.938014085290147,85
1103,Lithuania,15.594998141160596,85
1104,Lithuania,14.609522057354926,85
1105,Mozambique,15.291633305802968,86
1106,Mozambique,14.61851412645074,86
1107,Mozambique,12.935716178070177,86
1108,Mozambique,14.281954536774627,86
1109,Mozambique,15.964752485155191,86
1110,Mozambique,13.0,86
1111,Mozambique,13.6088353574224,86
1112,Mozambique,14.955073716126854,86
1113,Slovenia,14.0,86
1114,Mozambique,15.62819289547908,86
1115,Cameroon,,86
1116,Mozambique,13.945394947098514,86
1117,Mozambique,13.272275767746288,86
1118,Kyrgyzstan,15.687294979757086,87
1119,Kyrgyzstan,13.743608291497976,87
1120,Kyrgyzstan,15.039399417004049,87
1121,Kyrgyzstan,13.419660510121458,87
1122,Central African Republic,,87
1123,Kyrgyzstan,13.09571272874494,87
1124,Kyrgyzstan,14.391503854251011,87
1125,Kyrgyzstan,15.363347198380568,87
1126,Zambia,13.0,87
1127,Kyrgyzstan,14.067556072874494,87
1128,Kyrgyzstan,14.715451635627533,87
1129,Kyrgyzstan,12.77176494736842,87
1130,Bosnia and Herzegovina,12.0,87
1131,Sri Lanka,14.830182504048588,88
1132,North Korea,13.0,88
1133,Chad,,88
1134,Sri Lanka,12.318720593117414,88
1135,Sri Lanka,12.946586070850207,88
1136,Zambia,12.0,88
1137,Sri Lanka,13.260518809716604,88
1138,Sri Lanka,13.888384287449398,88
1139,Sri Lanka,14.516249765182192,88
1140,Sri Lanka,13.574451548583,88
1141,Sri Lanka,14.202317026315797,88
1142,Sri Lanka,12.63265333198381,88
1143,Sri Lanka,15.144115242914983,88
1144,Georgia,12.377755184885292,89
1145,Georgia,14.50113824561404,89
1146,China,,89
1147,Georgia,13.894457371120112,89
1148,Georgia,12.98443605937922,89
1149,North Korea,12.0,89
1150,Sri Lanka,13.0,89
1151,Georgia,14.197797808367074,89
1152,Georgia,13.287776496626185,89
1153,Georgia,12.074414747638327,89
1154,Georgia,12.681095622132258,89
1155,Georgia,11.771074310391366,89
1156,Georgia,13.591116933873147,89
1157,Burma,13.205225427125509,90
1158,Burma,12.884713032388667,90
1159,Uruguay,12.0,90
1160,North Korea,11.76625081511471,90
1161,Burma,12.243688242914985,90
1162,Colombia,,90
1163,Burma,13.846250216599191,90
1164,Burma,13.525737821862352,90
1165,Burma,12.564200637651824,90
1166,Paraguay,12.0,90
1167,Burma,11.602663453441298,90
1168,Burma,14.166762611336036,90
1169,Burma,11.92317584817814,90
1170,Comoros,,91
1171,Kyrgyzstan,12.0,91
1172,Uruguay,12.059090622672068,91
1173,Uruguay,13.247434710728747,91
1174,Uruguay,12.53442825789474,91
1175,Georgia,11.0,91
1176,Uruguay,11.34608416983806,91
1177,Uruguay,11.583752987449396,91
1178,Uruguay,13.009765893117413,91
1179,Uruguay,11.821421805060732,91
1180,Uruguay,12.772097075506077,91
1181,Uruguay,13.485103528340083,91
1182,Uruguay,12.296759440283404,91
1183,Estonia,11.23822178677463,92
1184,Estonia,12.89023108232119,92
1185,Georgia,12.0,92
1186,Sudan,11.0,92
1187,Burma,11.282151058704455,92
1188,Congo-Brazzaville,,92
1189,Estonia,13.165565964912282,92
1190,Estonia,12.06422643454791,92
1191,North Korea,11.347882709851554,92
1192,Estonia,12.614896199730095,92
1193,Estonia,12.339561317139005,92
1194,Estonia,11.788891551956816,92
1195,Estonia,11.513556669365723,92
1196,Congo-Kinshasa,,93
1197,Zambia,10.994988666261808,93
1198,Paraguay,12.567719681219074,93
1199,Paraguay,12.297208673054431,93
1200,Zambia,11.149620449460189,93
1201,Bosnia and Herzegovina,12.0,93
1202,Uruguay,11.0,93
1203,Costa Rica,11.576755364709854,93
1204,Paraguay,12.838230689383716,93
1205,Costa Rica,11.809129178272608,93
1206,Zambia,10.840356883063428,93
1207,Costa Rica,12.04150299183536,93
1208,Costa Rica,11.344381551147102,93
1209,Zambia,11.30425223265857,94
1210,Kyrgyzstan,11.0,94
1211,Costa Rica,12.73862443252362,94
1212,Estonia,10.687552021592444,94
1213,Paraguay,12.02669766488979,94
1214,Costa Rica,12.273876805398114,94
1215,Cook Islands,,94
1216,Guatemala,11.0,94
1217,Paraguay,11.756186656725149,94
1218,Paraguay,11.485675648560504,94
1219,Costa Rica,12.506250618960866,94
1220,Costa Rica,11.112007737584348,94
1221,Estonia,10.962886904183538,94
1222,Zambia,11.768147582253713,95
1223,Costa Rica,,95
1224,Guatemala,11.955964785964914,95
1225,Lithuania,11.0,95
1226,Lithuania,11.0,95
1227,Paraguay,10.94465363223122,95
1228,Guatemala,12.212924326855603,95
1229,Paraguay,11.215164640395864,95
1230,Zambia,11.458884015856947,95
1231,Costa Rica,10.879633924021595,95
1232,Costa Rica,10.64726011045884,95
1233,Zambia,11.61351579905533,95
1234,Guatemala,12.469883867746292,95
1235,Guatemala,11.18508616329285,96
1236,Côte d’Ivoire,,96
1237,Zambia,11.92277936545209,96
1238,Sudan,11.0,96
1239,Guatemala,10.0,96
1240,North Korea,10.929514604588396,96
1241,Guatemala,10.928126622402162,96
1242,Paraguay,10.674142624066578,96
1243,Guatemala,11.442045704183538,96
1244,Guatemala,11.699005245074227,96
1245,Zambia,12.232042931848852,96
1246,Paraguay,10.403631615901936,96
1247,Zambia,12.077411148650471,96
1248,Costa Rica,10.0,97
1249,Costa Rica,9.9,97
1250,Guatemala,10.414207540620785,97
1251,Trinidad and Tobago,10.71811509311741,97
1252,Trinidad and Tobago,10.510374591093118,97
1253,Guatemala,10.157247999730098,97
1254,Guatemala,10.671167081511474,97
1255,Trinidad and Tobago,11.341336599190283,97
1256,Cuba,,97
1257,Trinidad and Tobago,11.133596097165992,97
1258,North Korea,10.511146499325235,97
1259,Trinidad and Tobago,10.9258555951417,97
1260,Trinidad and Tobago,10.302634089068826,97
1261,North Korea,10.09277839406208,98
1262,Trinidad and Tobago,9.47167208097166,98
1263,Angola,9.5,98
1264,North Macedonia,10.991858566194336,98
1265,Angola,10.0,98
1266,North Macedonia,10.530549216801624,98
1267,North Macedonia,10.76120389149798,98
1268,North Macedonia,11.222513240890692,98
1269,Trinidad and Tobago,10.094893587044536,98
1270,Trinidad and Tobago,9.887153085020245,98
1271,Trinidad and Tobago,9.679412582995951,98
1272,North Macedonia,10.299894542105267,98
1273,Dominica,,98
1274,Latvia,10.189391436167345,99
1275,North Macedonia,9.838585192712554,99
1276,Trinidad and Tobago,9.1,99
1277,North Macedonia,9.377275843319842,99
1278,North Macedonia,9.146621168623485,99
1279,Latvia,10.414072870175442,99
1280,Ecuador,,99
1281,North Macedonia,10.06923986740891,99
1282,Panama,9.3,99
1283,North Macedonia,9.607930518016198,99
1284,Latvia,9.964710002159247,99
1285,Latvia,10.863435738191637,99
1286,Latvia,10.63875430418354,99
1287,Estonia,9.1,100
1288,Sudan,9.985925384278003,100
1289,Latvia,9.06598426612686,100
1290,Latvia,9.290665700134957,100
1291,Sudan,9.740866215249666,100
1292,Sudan,10.230984553306344,100
1293,Latvia,8.841302832118762,100
1294,Sudan,10.721102891363026,100
1295,Egypt,,100
1296,Latvia,9.740028568151152,100
1297,Ghana,9.0,100
1298,Latvia,9.515347134143054,100
1299,Sudan,10.476043722334683,100
1300,North Korea,9.67441028879892,101
1301,Sudan,9.250747877192984,101
1302,Ghana,9.479094091565454,101
1303,Ethiopia,9.0,101
1304,Ghana,8.662684321929826,101
1305,Equatorial Guinea,,101
1306,Panama,9.643986521381915,101
1307,Panama,9.0,101
1308,Sudan,9.495807046221325,101
1309,Panama,10.032274790418354,101
1310,Panama,9.838130655900136,101
1311,Sudan,9.005688708164644,101
1312,Ghana,8.798752616869097,101
1313,Panama,9.4498423868637,102
1314,Ghana,8.8,102
1315,Ghana,9.751230681443996,102
1316,Ghana,9.07088920674764,102
1317,Zimbabwe,8.660380087719298,102
1318,Eritrea,,102
1319,Ghana,9.20695750168691,102
1320,Ghana,9.34302579662618,102
1321,Sudan,8.760629539136305,102
1322,Ghana,9.615162386504725,102
1323,Ethiopia,8.8,102
1324,Ghana,9.887298976383269,102
1325,Ghana,8.934820911808368,102
1326,Zimbabwe,8.67855850877193,103
1327,North Korea,9.256042183535763,103
1328,Moldova,9.28079449932524,103
1329,Eswatini,,103
1330,Panama,8.867409983309043,103
1331,Panama,9.061554117827262,103
1332,Moldova,9.462766244264513,103
1333,Moldova,9.64473798920378,103
1334,Sudan,8.515570370107964,103
1335,Kenya,8.8,103
1336,Kenya,8.7,103
1337,Zimbabwe,8.669469298245614,103
1338,Panama,9.25569825234548,103
1339,Bolivia,9.167706655937923,104
1340,Moldova,8.734879264507425,104
1341,Bolivia,8.98005094278003,104
1342,Ethiopia,,104
1343,Zimbabwe,8.687647719298246,104
1344,Congo-Kinshasa,8.6,104
1345,Bolivia,9.35536236909582,104
1346,Panama,8.673265848790825,104
1347,Moldova,8.916851009446697,104
1348,Estonia,8.7,104
1349,Panama,8.479121714272607,104
1350,Panama,8.284977579754388,104
1351,Moldova,9.098822754385967,104
1352,Fiji,,105
1353,Zimbabwe,8.696736929824562,105
1354,Kenya,9.264292060728748,105
1355,Kenya,8.932399625910934,105
1356,Moldova,8.00699228475034,105
1357,Kenya,9.09834584331984,105
1358,Bolivia,8.792395229622135,105
1359,Cambodia,8.4,105
1360,Moldova,8.188964029689611,105
1361,Moldova,8.370935774628883,105
1362,Congo-Kinshasa,8.6,105
1363,Zimbabwe,8.705826140350878,105
1364,Moldova,8.552907519568153,105
1365,French Guiana,,106
1366,Bolivia,8.60473951646424,106
1367,North Korea,8.837674078272606,106
1368,Kenya,7.936722321457491,106
1369,Angola,9.102682551282054,106
1370,Kenya,8.434560973684214,106
1371,Kenya,7.770776104048584,106
1372,Kenya,8.102668538866398,106
1373,Angola,8.892479039743593,106
1374,Bolivia,8.3,106
1375,Bolivia,8.1,106
1376,Kenya,8.766453408502027,106
1377,Kenya,8.268614756275305,106
1378,Zimbabwe,8.714915350877193,107
1379,Bolivia,8.417083803306346,107
1380,Zimbabwe,8.72400456140351,107
1381,Zimbabwe,8.733093771929825,107
1382,Kenya,8.60050719109312,107
1383,Congo-Kinshasa,8.747624723346828,107
1384,Bolivia,8.229428090148451,107
1385,Bolivia,7.854116663832661,107
1386,Zimbabwe,7.8,107
1387,Congo-Kinshasa,7.711109152496626,107
1388,Bolivia,8.041772376990556,107
1389,French Polynesia,,107
1390,Trinidad and Tobago,8.2,107
1391,Congo-Kinshasa,8.056614342780026,108
1392,Congo-Kinshasa,8.286951136302296,108
1393,Zimbabwe,8.742182982456141,108
1394,Cambodia,6.9,108
1395,Bolivia,7.666460950674766,108
1396,Angola,8.472072016666669,108
1397,Congo-Kinshasa,8.171782739541161,108
1398,Congo-Kinshasa,7.941445946018894,108
1399,Congo-Kinshasa,8.632456326585697,108
1400,Zimbabwe,7.4,108
1401,Congo-Kinshasa,7.82627754925776,108
1402,Angola,8.68227552820513,108
1403,Gabon,,108
1404,Angola,7.421054458974361,109
1405,Congo-Kinshasa,8.517287929824562,109
1406,Angola,7.631257970512824,109
1407,Angola,8.261868505128207,109
1408,Angola,7.841461482051285,109
1409,Angola,8.051664993589746,109
1410,"Gambia, The",,109
1411,North Korea,8.41930597300945,109
1412,Congo-Kinshasa,8.402119533063427,109
1413,Latvia,7.0,109
1414,Angola,7.210850947435899,109
1415,Latvia,6.8,109
1416,Ethiopia,8.477297990553309,109
1417,Côte d’Ivoire,6.8,110
1418,Ethiopia,7.715238798650474,110
1419,Ethiopia,8.096268394601893,110
1420,Luxembourg,7.404020788124157,110
1421,Luxembourg,7.129621907557356,110
1422,Armenia,8.075572793522268,110
1423,Ethiopia,7.905753596626183,110
1424,Ethiopia,7.524724000674765,110
1425,Luxembourg,7.31255449460189,110
1426,Luxembourg,7.221088201079622,110
1427,Ghana,,110
1428,Ethiopia,8.286783192577602,110
1429,Mongolia,6.9,110
1430,Luxembourg,7.586953375168692,111
1431,Luxembourg,7.6784196686909585,111
1432,Armenia,7.908416277327936,111
1433,Gibraltar,,111
1434,Luxembourg,7.495487081646424,111
1435,Luxembourg,7.769885962213225,111
1436,Honduras,6.7,111
1437,Ethiopia,6.762664808771931,111
1438,North Korea,8.000937867746291,111
1439,Ethiopia,6.95317960674764,111
1440,Ethiopia,7.143694404723349,111
1441,Luxembourg,6.4,111
1442,Ethiopia,7.334209202699058,111
1443,Armenia,7.406946728744941,112
1444,Luxembourg,7.95281854925776,112
1445,Armenia,6.738320663967613,112
1446,Armenia,7.574103244939273,112
1447,Armenia,6.571164147773281,112
1448,Armenia,7.741259761133605,112
1449,Greenland,,112
1450,Cameroon,6.4,112
1451,Armenia,7.239790212550609,112
1452,Luxembourg,7.861352255735493,112
1453,Côte d’Ivoire,6.7,112
1454,Armenia,6.905477180161945,112
1455,Armenia,7.072633696356277,112
1456,Honduras,7.518898323886641,113
1457,Honduras,7.832526336032391,113
1458,Mongolia,6.4,113
1459,Honduras,7.048456305668018,113
1460,El Salvador,6.739120463765183,113
1461,Grenada,,113
1462,Honduras,7.205270311740892,113
1463,Honduras,7.675712329959516,113
1464,El Salvador,6.45532799534413,113
1465,Honduras,6.891642299595143,113
1466,Honduras,7.362084317813767,113
1467,El Salvador,6.597224229554656,113
1468,Cameroon,6.7,113
1469,El Salvador,7.306705400607288,114
1470,North Macedonia,6.3,114
1471,El Salvador,7.59049786902834,114
1472,Honduras,6.5780142874493945,114
1473,Nepal,6.6,114
1474,Honduras,6.734828293522269,114
1475,Guadeloupe,,114
1476,El Salvador,6.881016697975709,114
1477,El Salvador,7.448601634817814,114
1478,Honduras,6.42120028137652,114
1479,El Salvador,7.732394103238867,114
1480,El Salvador,7.022912932186236,114
1481,El Salvador,7.164809166396761,114
1482,Cameroon,6.885042595816466,115
1483,Cameroon,6.5174935209176805,115
1484,Honduras,6.3,115
1485,Cameroon,6.149944446018895,115
1486,Cameroon,6.640009879217276,115
1487,Cameroon,6.394977162618085,115
1488,Luxembourg,6.5,115
1489,Cameroon,5.904911729419704,115
1490,Guam,,115
1491,Cameroon,6.272460804318491,115
1492,Cameroon,6.0274280877193,115
1493,Cameroon,6.762526237516871,115
1494,Cameroon,7.007558954116061,115
1495,Côte d’Ivoire,5.917248016194334,116
1496,Guatemala,,116
1497,Côte d’Ivoire,5.795744220647775,116
1498,Côte d’Ivoire,5.674240425101216,116
1499,Palestinian Territories,6.50953102672065,116
1500,Palestinian Territories,6.179655964372472,116
1501,Palestinian Territories,6.674468557894739,116
1502,North Macedonia,6.3,116
1503,Côte d’Ivoire,6.038751811740892,116
1504,Palestinian Territories,6.839406089068827,116
1505,Palestinian Territories,6.34459349554656,116
1506,Côte d’Ivoire,5.552736629554658,116
1507,Nepal,5.8,116
1508,Côte d’Ivoire,6.524766993927127,117
1509,Afghanistan,6.0,117
1510,Palestinian Territories,5.519905839676115,117
1511,Tanzania,5.8,117
1512,Côte d’Ivoire,6.160255607287451,117
1513,Côte d’Ivoire,6.646270789473686,117
1514,Palestinian Territories,5.849780902024293,117
1515,Palestinian Territories,5.684843370850205,117
1516,Palestinian Territories,6.014718433198382,117
1517,Guinea,,117
1518,Côte d’Ivoire,6.28175940283401,117
1519,Côte d’Ivoire,6.403263198380568,117
1520,Palestinian Territories,5.354968308502025,117
1521,Guyana,,118
1522,Cyprus,5.558904977327938,118
1523,Cyprus,5.334891427935225,118
1524,Cyprus,5.670911752024294,118
1525,Cyprus,6.006932076113363,118
1526,Cyprus,5.222884653238869,118
1527,Afghanistan,5.8,118
1528,Cyprus,6.118938850809719,118
1529,Cyprus,6.230945625506076,118
1530,Cyprus,5.894925301417007,118
1531,Cyprus,5.78291852672065,118
1532,Cyprus,5.446898202631581,118
1533,Tanzania,5.8,118
1534,Mongolia,5.203015242953442,119
1535,Mongolia,5.296526478680163,119
1536,Mongolia,5.4835489501336045,119
1537,El Salvador,5.7,119
1538,Haiti,,119
1539,Tanzania,5.595451039136302,119
1540,Mongolia,5.390037714406883,119
1541,Tanzania,5.719291460188933,119
1542,Tanzania,6.090812723346828,119
1543,Tanzania,5.843131881241565,119
1544,El Salvador,5.7,119
1545,Tanzania,6.21465314439946,119
1546,Tanzania,5.966972302294197,119
1547,Palestinian Territories,5.5,120
1548,Mongolia,5.577060185860325,120
1549,Tanzania,5.347770197031039,120
1550,Mongolia,5.670571421587046,120
1551,Tanzania,5.223929775978407,120
1552,Mongolia,5.951105128767208,120
1553,Mongolia,5.857593893040487,120
1554,Macau,6.078495546315791,120
1555,Armenia,5.6,120
1556,Tanzania,5.100089354925776,120
1557,Tanzania,5.471610618083671,120
1558,Honduras,,120
1559,Mongolia,5.764082657313766,120
1560,Yemen,5.826236836707153,121
1561,Yemen,5.4680039338731445,121
1562,Yemen,6.0650587719298255,121
1563,Palestinian Territories,5.3,121
1564,Yemen,4.990360063427801,121
1565,Yemen,5.109771031039137,121
1566,Hong Kong,,121
1567,Yemen,5.229181998650473,121
1568,Yemen,5.945647804318489,121
1569,Yemen,5.706825869095817,121
1570,Yemen,5.587414901484481,121
1571,Yemen,5.348592966261809,121
1572,Moldova,5.5,121
1573,Armenia,5.4,122
1574,Macau,5.002650526785427,122
1575,India,,122
1576,Macau,5.2716117816680175,122
1577,Macau,5.137131154226722,122
1578,Mongolia,6.044616364493928,122
1579,Albania,4.922643425101215,122
1580,Macau,5.944014918874496,122
1581,Moldova,5.2,122
1582,Macau,5.8095342914332,122
1583,Macau,5.675053663991904,122
1584,Macau,5.406092409109314,122
1585,Macau,5.540573036550609,122
1586,Macau,5.4,123
1587,Namibia,5.543464820512822,123
1588,Albania,5.20264012145749,123
1589,Albania,4.992642599190283,123
1590,Macau,5.2,123
1591,Namibia,5.8062420512820525,123
1592,Namibia,5.674853435897437,123
1593,Namibia,5.412076205128207,123
1594,Namibia,5.280687589743591,123
1595,Albania,5.062641773279353,123
1596,Albania,5.132640947368421,123
1597,Iran,,123
1598,Macau,4.868169899344131,123
1599,Jamaica,4.770365632928475,124
1600,Albania,5.342638469635627,124
1601,Namibia,5.149298974358976,124
1602,Cambodia,5.663088124156546,124
1603,Albania,5.27263929554656,124
1604,Albania,5.412637643724697,124
1605,Jamaica,4.70936304588394,124
1606,Iraq,,124
1607,Albania,4.8,124
1608,Albania,5.0,124
1609,Cambodia,5.520028229419704,124
1610,Namibia,4.886521743589745,124
1611,Namibia,5.01791035897436,124
1612,Nepal,5.099523630094469,125
1613,Nepal,5.608975841430501,125
1614,Kosovo,4.6,125
1615,Namibia,4.623744512820514,125
1616,Cambodia,5.23390843994602,125
1617,Cambodia,5.376968334682862,125
1618,Kosovo,4.6,125
1619,Namibia,4.75513312820513,125
1620,Israel,,125
1621,Jamaica,4.83136821997301,125
1622,Jamaica,4.892370807017544,125
1623,Nepal,4.9721605772604605,125
1624,Albania,5.482636817813765,125
1625,Nepal,4.462708365924429,126
1626,Nepal,5.226886682928477,126
1627,Kosovo,5.594743690958167,126
1628,Nepal,4.590071418758436,126
1629,Nepal,5.481612788596493,126
1630,Nepal,4.844797524426452,126
1631,Cyprus,4.6,126
1632,Nepal,5.354249735762485,126
1633,Jamaica,4.953373394062078,126
1634,Cyprus,4.5,126
1635,Nepal,4.717434471592444,126
1636,Jamaica,,126
1637,Cambodia,5.090848545209178,126
1638,Kosovo,5.021318549257761,127
1639,Namibia,4.1,127
1640,Cambodia,4.518608966261809,127
1641,Jordan,,127
1642,Cambodia,4.947788650472336,127
1643,Cambodia,4.661668860998651,127
1644,Kosovo,5.164674834682862,127
1645,Cambodia,4.804728755735493,127
1646,Kosovo,5.308031120107963,127
1647,Kosovo,5.451387405533064,127
1648,Cambodia,4.375549071524967,127
1649,Namibia,4.2,127
1650,Albania,5.552635991902834,127
1651,Jamaica,5.25838632928475,128
1652,Jamaica,5.014375981106612,128
1653,Kosovo,4.87796226383266,128
1654,Jamaica,5.136381155195682,128
1655,Kosovo,4.734605978407559,128
1656,Jamaica,5.197383742240216,128
1657,Senegal,3.8,128
1658,Jamaica,5.075378568151147,128
1659,Laos,4.1,128
1660,Kazakhstan,,128
1661,Kosovo,4.5912496929824576,128
1662,Kosovo,4.304537122132255,128
1663,Kosovo,4.447893407557356,128
1664,Brunei,4.945132677462889,129
1665,Kenya,,129
1666,Brunei,4.655541074224023,129
1667,Brunei,4.365949470985156,129
1668,Brunei,4.752071608636978,129
1669,Brunei,4.462480005398112,129
1670,Brunei,4.848602143049933,129
1671,Brunei,5.041663211875845,129
1672,Senegal,3.8,129
1673,Brunei,4.172888402159245,129
1674,Brunei,4.559010539811067,129
1675,Nicaragua,3.7,129
1676,Brunei,4.2694189365722,129
1677,Botswana,3.6,130
1678,Afghanistan,4.692813988576249,130
1679,Afghanistan,4.259219704608638,130
1680,Kiribati,,130
1681,Afghanistan,4.476016846592444,130
1682,Afghanistan,5.018009701551958,130
1683,Papua New Guinea,3.8,130
1684,Afghanistan,4.150821133616735,130
1685,Afghanistan,4.909611130560055,130
1686,Afghanistan,4.801212559568152,130
1687,Afghanistan,4.042422562624832,130
1688,Afghanistan,4.367618275600541,130
1689,Afghanistan,4.584415417584347,130
1690,Botswana,4.2850629284750354,131
1691,Botswana,4.379984604588396,131
1692,Botswana,4.190141252361675,131
1693,Botswana,4.569827956815117,131
1694,Botswana,4.474906280701756,131
1695,Botswana,3.905376224021594,131
1696,Nicaragua,3.7,131
1697,Botswana,4.759671309041837,131
1698,Botswana,4.095219576248315,131
1699,Kuwait,,131
1700,Botswana,4.664749632928477,131
1701,Botswana,4.000297900134955,131
1702,Papua New Guinea,3.6,131
1703,Brunei,3.6,132
1704,Papua New Guinea,4.102273619949393,132
1705,Kyrgyzstan,,132
1706,Papua New Guinea,4.396925713479758,132
1707,Papua New Guinea,4.323262690097167,132
1708,Papua New Guinea,4.175936643331985,132
1709,Laos,3.6,132
1710,Papua New Guinea,3.807621526419029,132
1711,Papua New Guinea,4.028610596566803,132
1712,Papua New Guinea,4.249599666714576,132
1713,Papua New Guinea,3.9549475731842114,132
1714,Papua New Guinea,4.470588736862349,132
1715,Papua New Guinea,3.88128454980162,132
1716,Nicaragua,3.924579534952768,133
1717,Nicaragua,4.07872989365722,133
1718,Nicaragua,3.539203638191634,133
1719,Nicaragua,3.616278817543861,133
1720,Laos,,133
1721,Nicaragua,4.001654714304994,133
1722,Uganda,3.5,133
1723,Nicaragua,3.7704291762483138,133
1724,Nicaragua,3.693353996896087,133
1725,Nicaragua,3.847504355600541,133
1726,Laos,4.27577721997301,133
1727,Brunei,3.4,133
1728,Laos,4.174607244264508,133
1729,Nicaragua,4.155805073009447,134
1730,Laos,3.668757365721999,134
1731,Laos,3.972267292847505,134
1732,Laos,3.5675873900134967,134
1733,Laos,3.4664174143049946,134
1734,Laos,3.769927341430501,134
1735,Laos,4.073437268556007,134
1736,Uganda,3.3,134
1737,Laos,3.871097317139003,134
1738,Botswana,3.3,134
1739,Laos,3.365247438596493,134
1740,Lebanon,,134
1741,Nicaragua,4.232880252361674,134
1742,Montenegro,3.963565446693658,135
1743,Montenegro,3.545871738191634,135
1744,Montenegro,4.067988873819164,135
1745,Lesotho,,135
1746,Montenegro,3.859142019568152,135
1747,Reunion,3.4441216748987853,135
1748,Montenegro,4.172412300944671,135
1749,Montenegro,3.7547185924426456,135
1750,Reunion,3.364842638866397,135
1751,Montenegro,3.0,135
1752,Montenegro,3.6502951653171394,135
1753,Reunion,3.2855636028340083,135
1754,Montenegro,3.0,135
1755,Reunion,3.999074927125506,136
1756,Montenegro,3.232601456815116,136
1757,Liberia,,136
1758,Yemen,3.0,136
1759,Reunion,3.840516855060729,136
1760,Montenegro,3.3370248839406216,136
1761,Reunion,3.6026797469635627,136
1762,Montenegro,3.441448311066128,136
1763,Reunion,3.523400710931174,136
1764,Reunion,3.681958782995952,136
1765,Mali,3.0,136
1766,Reunion,3.919795891093117,136
1767,Reunion,3.76123781902834,136
1768,Jamaica,3.0,137
1769,Senegal,3.887680417678814,137
1770,Senegal,3.561978943184887,137
1771,Senegal,3.154852100067478,137
1772,Jamaica,3.0,137
1773,Senegal,3.480553574561405,137
1774,Senegal,3.806255049055332,137
1775,Senegal,3.23627746869096,137
1776,Senegal,3.6434043118083688,137
1777,Libya,,137
1778,Senegal,3.317702837314441,137
1779,Senegal,3.7248296804318506,137
1780,Senegal,3.3991282059379238,137
1781,Mauritius,3.65080036437247,138
1782,Mauritius,3.356074531174089,138
1783,Reunion,2.9,138
1784,Reunion,2.9,138
1785,Mauritius,3.208711614574899,138
1786,Mauritius,2.9876672396761137,138
1787,Mauritius,3.135030156275304,138
1788,Mauritius,3.50343744777328,138
1789,Macau,,138
1790,Mauritius,3.0613486979757085,138
1791,Mauritius,3.5771189060728745,138
1792,Mauritius,3.4297559894736844,138
1793,Mauritius,3.2823930728744943,138
1794,Uganda,2.630972633009448,139
1795,Uganda,2.906381475438597,139
1796,Mauritius,2.8,139
1797,Uganda,3.250642528475035,139
1798,Uganda,2.83752926483131,139
1799,Uganda,2.975233686045885,139
1800,Uganda,3.1129381072604603,139
1801,Madagascar,,139
1802,Uganda,3.0440858966531725,139
1803,Mauritius,2.8,139
1804,Uganda,2.699824843616735,139
1805,Uganda,2.768677054224023,139
1806,Uganda,3.181790317867748,139
1807,New Caledonia,2.7412569534072087,140
1808,New Caledonia,2.834845469815681,140
1809,New Caledonia,2.554079920590264,140
1810,New Caledonia,2.788051211611445,140
1811,New Caledonia,2.694462695202972,140
1812,New Caledonia,2.507285662386028,140
1813,New Caledonia,2.881639728019917,140
1814,New Caledonia,2.6008741787945,140
1815,New Caledonia,2.8,140
1816,New Caledonia,2.7,140
1817,Malawi,,140
1818,New Caledonia,2.647668436998736,140
1819,New Caledonia,2.928433986224154,140
1820,Malaysia,,141
1821,Malta,2.630273732388664,141
1822,Malta,2.584152464574899,141
1823,Malta,2.7686375358299595,141
1824,Malta,2.399667393319838,141
1825,Malta,2.8147588036437248,141
1826,Yemen,2.7,141
1827,Mali,2.7,141
1828,Malta,2.4457886611336037,141
1829,Malta,2.4919099289473685,141
1830,Malta,2.7225162680161943,141
1831,Malta,2.5380311967611338,141
1832,Malta,2.676395000202429,141
1833,Malawi,2.143233975606613,142
1834,Bhutan,2.409701592442646,142
1835,Bhutan,2.4,142
1836,Guinea,2.3,142
1837,Malawi,2.2388974723798927,142
1838,Bhutan,2.47450732726046,142
1839,Malawi,2.2867292207665324,142
1840,Bhutan,2.5393130620782736,142
1841,Malawi,2.191065723993253,142
1842,Maldives,,142
1843,Bhutan,2.6041187968960875,142
1844,Bhutan,2.668924531713901,142
1845,Bhutan,2.344895857624832,142
1846,Malawi,2.4780562143130918,143
1847,Bhutan,2.215284387989205,143
1848,Malta,2.3,143
1849,Mali,,143
1850,Bhutan,2.085672918353577,143
1851,Bhutan,2.2800901228070183,143
1852,Malawi,2.430224465926452,143
1853,Bhutan,2.150478653171391,143
1854,Malawi,2.525887962699731,143
1855,Malawi,2.382392717539812,143
1856,Malawi,2.334560969153172,143
1857,Malta,2.3,143
1858,Malawi,2.5737197110863703,143
1859,The Bahamas,2.2757273532854256,144
1860,The Bahamas,2.097974727890689,144
1861,The Bahamas,2.3468284034433204,144
1862,The Bahamas,2.133525252969636,144
1863,The Bahamas,2.169075778048584,144
1864,The Bahamas,2.382378928522268,144
1865,The Bahamas,2.311277878364373,144
1866,Gabon,2.2,144
1867,Gabon,2.2,144
1868,Martinique,,144
1869,The Bahamas,2.204626303127531,144
1870,The Bahamas,2.2401768282064785,144
1871,The Bahamas,2.0624242028117417,144
1872,Mali,2.2435339217273964,145
1873,Gabon,2.073088685560054,145
1874,Mauritania,,145
1875,Mali,2.187898470310392,145
1876,Gabon,1.9985024062078276,145
1877,Madagascar,2.1,145
1878,Mali,2.3548048245614046,145
1879,Madagascar,2.1,145
1880,Mali,2.2991693731444003,145
1881,Gabon,2.1103818252361672,145
1882,Gabon,2.0357955458839405,145
1883,Gabon,1.961209266531714,145
1884,Gabon,2.1476749649122806,145
1885,Congo-Brazzaville,2.0,146
1886,Gabon,2.184968104588394,146
1887,Eswatini,1.9700250022807024,146
1888,Mauritius,,146
1889,Eswatini,1.9298044829284755,146
1890,Gabon,2.2222612442645078,146
1891,Gabon,2.2595543839406207,146
1892,Gabon,2.296847523616734,146
1893,Bhutan,2.0,146
1894,Eswatini,1.8895839635762488,146
1895,Mali,2.0766275674763843,146
1896,Mali,2.132263018893388,146
1897,Mali,2.02099211605938,146
1898,Eswatini,2.0102455216329287,147
1899,Eswatini,2.2515686377462893,147
1900,Mongolia,,147
1901,Guadeloupe,1.8628305570991908,147
1902,Eswatini,2.130907079689609,147
1903,Congo-Brazzaville,2.0,147
1904,Mali,1.965356664642376,147
1905,Eswatini,2.211348118394062,147
1906,Mali,1.909721213225372,147
1907,Eswatini,2.090686560337382,147
1908,Guinea,2.0,147
1909,Eswatini,2.1711275990418355,147
1910,Eswatini,2.0504660409851554,147
1911,Montenegro,,148
1912,Guadeloupe,1.9394730239291504,148
1913,Guadeloupe,2.054436724174089,148
1914,Malawi,1.9,148
1915,Guadeloupe,1.9011517905141704,148
1916,Guadeloupe,1.97779425734413,148
1917,Guadeloupe,2.131079191004049,148
1918,Burkina Faso,1.8,148
1919,Guadeloupe,2.01611549075911,148
1920,Guadeloupe,2.092757957589069,148
1921,Madagascar,2.216228662145749,148
1922,Madagascar,2.1729465167408906,148
1923,Mali,1.854085761808368,148
1924,Madagascar,1.9565357897165996,149
1925,Guam,1.873956529310392,149
1926,Madagascar,1.9998179351214576,149
1927,Montserrat,,149
1928,Guadeloupe,2.2077216578340084,149
1929,Madagascar,2.043100080526316,149
1930,Madagascar,2.1296643713360326,149
1931,Guam,1.8531351412881245,149
1932,Guadeloupe,2.169400424419029,149
1933,Madagascar,2.086382225931174,149
1934,The Bahamas,1.8,149
1935,Madagascar,1.9132536443117407,149
1936,The Bahamas,1.7,149
1937,Guam,1.9988848574439948,150
1938,Guam,1.978063469421728,150
1939,Guam,2.040527633488529,150
1940,Guam,1.9364206933771928,150
1941,Madagascar,1.8266893535020243,150
1942,Guam,1.7,150
1943,Madagascar,1.8699714989068827,150
1944,Morocco,,150
1945,Guam,2.0197062454662618,150
1946,Guam,1.8947779173326589,150
1947,Guam,1.9572420813994604,150
1948,Guam,1.915599305354926,150
1949,Eswatini,1.7,150
1950,Martinique,1.9882211087246964,151
1951,Suriname,1.7,151
1952,Suriname,1.704584620107962,151
1953,Suriname,1.7,151
1954,Suriname,1.7195289622132253,151
1955,Martinique,1.81418645201417,151
1956,Mozambique,,151
1957,Martinique,1.7793795206720648,151
1958,Martinique,1.9186072460404855,151
1959,Martinique,1.8838003146983808,151
1960,Martinique,1.7445725893299595,151
1961,Martinique,1.953414177382591,151
1962,Martinique,1.8489933833562755,151
1963,Suriname,1.7494176464237516,152
1964,Suriname,1.8390836990553303,152
1965,Suriname,1.7942506727395409,152
1966,Suriname,1.8241393569500672,152
1967,Martinique,1.674958726645749,152
1968,Suriname,1.809195014844804,152
1969,Suriname,1.7793063306342778,152
1970,Suriname,1.7643619885290147,152
1971,Burkina Faso,1.6,152
1972,Suriname,1.7344733043184883,152
1973,Namibia,,152
1974,Guam,1.6,152
1975,Martinique,1.7097656579878542,152
1976,Guinea,1.422283037246964,153
1977,Burkina Faso,1.6381881959973017,153
1978,Guinea,1.5763270794534416,153
1979,Guinea,1.453091845688259,153
1980,Nauru,,153
1981,Burkina Faso,1.6766281854790828,153
1982,Guinea,1.5147094625708506,153
1983,Guinea,1.607135887894737,153
1984,Guinea,1.3914742288056683,153
1985,Guinea,1.483900654129555,153
1986,Eswatini,1.6,153
1987,Niger,1.6,153
1988,Guinea,1.545518271012146,153
1989,Burkina Faso,1.59974820651552,154
1990,Burkina Faso,1.5228682275519572,154
1991,Burkina Faso,1.4459882485883944,154
1992,Guinea,1.637944696336033,154
1993,Burkina Faso,1.561308217033739,154
1994,Burkina Faso,1.3691082696248318,154
1995,Burkina Faso,1.3306682801430505,154
1996,Burkina Faso,1.407548259106613,154
1997,Guadeloupe,1.5,154
1998,Guinea,1.6687535047773283,154
1999,Burkina Faso,1.484428238070176,154
2000,Nepal,,154
2001,Guadeloupe,1.5,154
2002,Congo-Brazzaville,1.424267496626181,155
2003,Congo-Brazzaville,1.2504484075573552,155
2004,Malawi,1.5,155
2005,Congo-Brazzaville,1.3373579520917682,155
2006,Congo-Brazzaville,1.19250871120108,155
2007,Congo-Brazzaville,1.2214785593792177,155
2008,Congo-Brazzaville,1.3083881039136305,155
2009,Martinique,1.4,155
2010,Congo-Brazzaville,1.3663278002699055,155
2011,Congo-Brazzaville,1.2794182557354927,155
2012,Congo-Brazzaville,1.1635388630229422,155
2013,Congo-Brazzaville,1.3952976484480435,155
2014,Netherlands Antilles,,155
2015,Barbados,1.1856961933873145,156
2016,Togo,1.3,156
2017,Barbados,1.3008996690958166,156
2018,Martinique,1.4,156
2019,Barbados,1.162655498245614,156
2020,Barbados,1.2548182788124156,156
2021,New Caledonia,,156
2022,Barbados,1.1396148031039135,156
2023,Barbados,1.2087368885290148,156
2024,Barbados,1.323940364237517,156
2025,Barbados,1.277858973954116,156
2026,Barbados,1.2317775836707152,156
2027,Barbados,1.3469810593792173,156
2028,Benin,1.3162510039136306,157
2029,Benin,1.1418085415654524,157
2030,Equatorial Guinea,1.2,157
2031,Benin,1.2871772601889342,157
2032,Benin,1.199956029014845,157
2033,Equatorial Guinea,1.3,157
2034,Benin,1.112734797840756,157
2035,Benin,1.2290297727395414,157
2036,Benin,1.345324747638327,157
2037,Benin,1.1708822852901488,157
2038,Nicaragua,,157
2039,Benin,1.2581035164642378,157
2040,Benin,1.0836610541160596,157
2041,Aruba,1.159363602109312,158
2042,Aruba,1.2620714545506075,158
2043,Aruba,1.2107175283299598,158
2044,Togo,1.3,158
2045,Aruba,1.2877484176609315,158
2046,Aruba,1.0823327127783404,158
2047,Aruba,1.185040565219636,158
2048,Aruba,1.1080096758886642,158
2049,Aruba,1.2363944914402836,158
2050,Aruba,1.133686638998988,158
2051,Niger,,158
2052,Equatorial Guinea,1.3203856342780027,158
2053,Benin,1.1,158
2054,Niger,1.1,159
2055,French Guiana,1.0993815808704457,159
2056,Equatorial Guinea,1.286866976383266,159
2057,French Guiana,1.1244557344534414,159
2058,Aruba,1.3134253807712553,159
2059,Equatorial Guinea,1.1863110026990555,159
2060,French Guiana,1.0492332737044534,159
2061,Benin,1.2,159
2062,Equatorial Guinea,1.2533483184885292,159
2063,French Guiana,1.074307427287449,159
2064,Equatorial Guinea,1.2198296605937924,159
2065,Nigeria,,159
2066,Equatorial Guinea,1.1527923448043187,159
2067,Fiji,1.0,160
2068,French Guiana,1.0,160
2069,French Guiana,1.2498265023684212,160
2070,North Korea,,160
2071,French Guiana,1.274900655951417,160
2072,French Guiana,1.224752348785425,160
2073,French Guiana,1.1996781952024291,160
2074,Togo,1.045948782726046,160
2075,Equatorial Guinea,1.1192736869095818,160
2076,French Guiana,1.1746040416194332,160
2077,Togo,1.0675928151147098,160
2078,French Guiana,1.1495298880364373,160
2079,Togo,1.0892368475033738,160
2080,Equatorial Guinea,1.0187177132253713,161
2081,Togo,1.2407450742240214,161
2082,Togo,1.1108808798920378,161
2083,Togo,1.1541689446693657,161
2084,Togo,1.1325249122807015,161
2085,French Guiana,1.0,161
2086,Equatorial Guinea,1.052236371120108,161
2087,Togo,1.1974570094466936,161
2088,Oman,,161
2089,Togo,1.2191010418353574,161
2090,Equatorial Guinea,1.085755029014845,161
2091,Togo,1.1758129770580297,161
2092,Barbados,1.0,161
2093,Barbados,1.0,162
2094,Niger,1.0445638448043189,162
2095,Niger,1.0210768771929828,162
2096,Fiji,1.0,162
2097,Niger,1.208972618083671,162
2098,Niger,1.161998682860999,162
2099,Niger,1.185485650472335,162
2100,Niger,1.068050812415655,162
2101,Niger,1.1385117152496629,162
2102,Pakistan,,162
2103,Niger,0.9975899095816466,162
2104,Niger,1.1150247476383268,162
2105,Niger,1.0915377800269908,162
2106,Fiji,1.084250452757085,163
2107,Fiji,1.1029219402004051,163
2108,Fiji,1.0469074778704457,163
2109,Lesotho,0.9,163
2110,Fiji,1.1589364025303648,163
2111,Aruba,0.9,163
2112,Fiji,1.009564502983806,163
2113,Fiji,1.028235990427126,163
2114,Fiji,1.140264915087045,163
2115,Fiji,1.121593427643725,163
2116,Palestinian Territories,,163
2117,Fiji,0.990893015540486,163
2118,Fiji,1.0655789653137655,163
2119,Mauritania,1.0115334758906884,164
2120,Mauritania,0.9605345884655874,164
2121,Mauritania,1.037032919603239,164
2122,Mauritania,0.986034032178138,164
2123,Mauritania,1.0880318070283403,164
2124,Panama,,164
2125,Mauritania,1.113531250740891,164
2126,Netherlands Antilles,0.9143919897435896,164
2127,Guyana,0.9,164
2128,Mauritania,1.0625323633157897,164
2129,Mauritania,0.9,164
2130,Mauritania,1.1390306944534416,164
2131,Mauritania,0.9350351447530368,164
2132,Lesotho,1.133963314723347,165
2133,Lesotho,1.082793925160594,165
2134,Lesotho,1.0060398408164646,165
2135,Guyana,0.9,165
2136,Lesotho,0.9548704512537114,165
2137,Lesotho,1.031624535597841,165
2138,Lesotho,0.9292857564723348,165
2139,Mauritania,0.9,165
2140,Papua New Guinea,,165
2141,Lesotho,0.980455146035088,165
2142,Lesotho,1.0572092303792175,165
2143,Lesotho,1.1083786199419705,165
2144,Mauritania,0.909535701040486,165
2145,Paraguay,,166
2146,Guyana,0.9487349181511472,166
2147,Lesotho,0.9,166
2148,Guyana,0.9326732215924428,166
2149,Lesotho,0.9037010616909584,166
2150,Aruba,0.9,166
2151,Netherlands Antilles,0.9168233897435896,166
2152,Netherlands Antilles,0.9241175897435896,166
2153,Netherlands Antilles,0.9265489897435896,166
2154,Guyana,0.9647966147098516,166
2155,Netherlands Antilles,0.9216861897435896,166
2156,Netherlands Antilles,0.9192547897435897,166
2157,Netherlands Antilles,0.9289803897435897,166
2158,Netherlands Antilles,0.8,167
2159,Netherlands Antilles,0.9314117897435896,167
2160,Netherlands Antilles,0.9338431897435896,167
2161,Guyana,0.836303042240216,167
2162,Guyana,0.9166115250337384,167
2163,Guyana,0.868426435357625,167
2164,Peru,,167
2165,Rwanda,0.8,167
2166,Guyana,0.8202413456815116,167
2167,Guyana,0.8844881319163295,167
2168,Netherlands Antilles,0.9362745897435896,167
2169,Guyana,0.9005498284750338,167
2170,Guyana,0.8523647387989205,167
2171,Cayman Islands,0.8270858842105265,168
2172,Cayman Islands,0.8107583862753039,168
2173,Cayman Islands,0.7291208965991905,168
2174,Cayman Islands,0.7617758924696358,168
2175,Cayman Islands,0.7944308883400812,168
2176,Rwanda,0.8,168
2177,Bermuda,0.6993649119882226,168
2178,Cayman Islands,0.7781033904048585,168
2179,Cayman Islands,0.7127933986639678,168
2180,Cayman Islands,0.7454483945344131,168
2181,Netherlands Antilles,0.7,168
2182,Puerto Rico,,168
2183,U.S. Virgin Islands,0.7034317301619428,168
2184,Bermuda,0.6,169
2185,French Polynesia,0.7611704823157897,169
2186,French Polynesia,0.7740488118765183,169
2187,Bermuda,0.7084696360169307,169
2188,French Polynesia,0.7482921527550609,169
2189,Bermuda,0.7266790840743469,169
2190,Bermuda,0.7357838081030551,169
2191,Bermuda,0.6902601879595144,169
2192,U.S. Virgin Islands,0.698821581781376,169
2193,Belize,0.6,169
2194,Qatar,,169
2195,Bermuda,0.7175743600456388,169
2196,French Polynesia,0.7869271414372471,169
2197,Bermuda,0.6,170
2198,French Polynesia,0.6967788345121458,170
2199,Reunion,,170
2200,Bermuda,0.7448885321317632,170
2201,French Polynesia,0.7225354936336034,170
2202,Bermuda,0.7722027042178876,170
2203,Cayman Islands,0.6964659007287451,170
2204,Bermuda,0.7539932561604714,170
2205,French Polynesia,0.7096571640728746,170
2206,Cayman Islands,0.6801384027935224,170
2207,French Polynesia,0.7354138231943321,170
2208,Belize,0.6,170
2209,Bermuda,0.7630979801891795,170
2210,Cayman Islands,0.6,171
2211,U.S. Virgin Islands,0.6942114334008092,171
2212,U.S. Virgin Islands,0.6803809882591088,171
2213,Maldives,0.6,171
2214,U.S. Virgin Islands,0.6757708398785419,171
2215,U.S. Virgin Islands,0.6849911366396755,171
2216,French Polynesia,0.6839005049514172,171
2217,Belize,0.6918821640553307,171
2218,U.S. Virgin Islands,0.6896012850202424,171
2219,Belize,0.677513683508772,171
2220,French Polynesia,0.6710221753906884,171
2221,Rwanda,,171
2222,Belize,0.7062506446018894,171
2223,Belize,0.6200397613225371,172
2224,Belize,0.576934319682861,172
2225,Cayman Islands,0.6,172
2226,Belize,0.6056712807759784,172
2227,Belize,0.6631452029622132,172
2228,Belize,0.6487767224156545,172
2229,Belize,0.6344082418690958,172
2230,Belize,0.5913028002294197,172
2231,U.S. Virgin Islands,0.6665505431174084,172
2232,Maldives,0.6,172
2233,U.S. Virgin Islands,0.6711606914979751,172
2234,U.S. Virgin Islands,0.6619403947368415,172
2235,Saint Helena,,172
2236,South Sudan,0.5,173
2237,U.S. Pacific Islands,0.5896798663967613,173
2238,Saint Kitts and Nevis,,173
2239,U.S. Pacific Islands,0.6133526963562754,173
2240,U.S. Pacific Islands,0.6015162813765184,173
2241,U.S. Pacific Islands,0.6370255263157896,173
2242,U.S. Pacific Islands,0.566007036437247,173
2243,U.S. Pacific Islands,0.6251891113360325,173
2244,U.S. Virgin Islands,0.6,173
2245,U.S. Pacific Islands,0.5304977914979758,173
2246,U.S. Pacific Islands,0.5423342064777329,173
2247,U.S. Pacific Islands,0.5778434514170042,173
2248,U.S. Pacific Islands,0.55417062145749,173
2249,Rwanda,0.5436883451029015,174
2250,Rwanda,0.627388166717274,174
2251,Rwanda,0.5556454624763834,174
2252,Greenland,0.5,174
2253,Saint Lucia,,174
2254,Rwanda,0.5795596972233469,174
2255,U.S. Virgin Islands,0.5,174
2256,Rwanda,0.519774110355938,174
2257,Rwanda,0.6154310493437922,174
2258,Rwanda,0.5915168145968287,174
2259,Rwanda,0.6034739319703105,174
2260,Rwanda,0.5676025798498652,174
2261,Rwanda,0.5317312277294197,174
2262,Maldives,0.4771911378137654,175
2263,Maldives,0.5202924471659921,175
2264,Maldives,0.5777608596356277,175
2265,Maldives,0.5633937565182188,175
2266,French Polynesia,0.5,175
2267,Maldives,0.534659550283401,175
2268,U.S. Pacific Islands,0.5,175
2269,Maldives,0.5059253440485831,175
2270,Maldives,0.5921279627530366,175
2271,Saint Pierre and Miquelon,,175
2272,Greenland,0.4672755155195681,175
2273,Maldives,0.4915582409311743,175
2274,Maldives,0.5490266534008099,175
2275,Greenland,0.5372660904183536,176
2276,Greenland,0.5285172685560054,176
2277,Greenland,0.5460149122807018,176
2278,Cabo Verde,0.5,176
2279,Greenland,0.4847731592442645,176
2280,Greenland,0.5,176
2281,Greenland,0.5022708029689609,176
2282,Greenland,0.4935219811066127,176
2283,Greenland,0.4760243373819164,176
2284,Saint Vincent/Grenadines,,176
2285,Greenland,0.511019624831309,176
2286,Maldives,0.4628240346963565,176
2287,Greenland,0.5197684466936573,176
2288,Samoa,,177
2289,South Sudan,0.5,177
2290,Cabo Verde,0.4276835303643725,177
2291,Cabo Verde,0.4160423400809717,177
2292,Saint Lucia,0.4057895257125507,177
2293,Cabo Verde,0.4975306720647774,177
2294,French Polynesia,0.5,177
2295,Cabo Verde,0.4858894817813766,177
2296,Cabo Verde,0.4509659109311742,177
2297,Cabo Verde,0.4742482914979758,177
2298,Cabo Verde,0.462607101214575,177
2299,Cabo Verde,0.4393247206477734,177
2300,Cabo Verde,0.5091718623481782,177
2301,Sao Tome and Principe,,178
2302,Saint Lucia,0.481592634408907,178
2303,U.S. Pacific Islands,0.5,178
2304,Saint Lucia,0.4436910800607288,178
2305,Cabo Verde,0.4044011497975709,178
2306,Saint Lucia,0.4342156914736843,178
2307,Saint Lucia,0.4531664686477734,178
2308,Saint Lucia,0.4721172458218624,178
2309,Burundi,0.4,178
2310,Saint Lucia,0.4247403028866398,178
2311,Saint Lucia,0.4626418572348179,178
2312,Saint Lucia,0.4152649142995952,178
2313,Saint Lucia,0.4910680229959515,178
2314,Seychelles,0.4258054574898786,179
2315,Seychelles,0.4,179
2316,Seychelles,0.4664566234817814,179
2317,Seychelles,0.3953170829959515,179
2318,Saudi Arabia,,179
2319,Seychelles,0.4766194149797572,179
2320,Seychelles,0.4359682489878543,179
2321,Seychelles,0.4562938319838057,179
2322,Seychelles,0.4054798744939272,179
2323,Haiti,0.4,179
2324,Seychelles,0.4156426659919029,179
2325,Seychelles,0.4867822064777329,179
2326,Seychelles,0.4461310404858301,179
2327,Eritrea,0.3624227553306344,180
2328,Eritrea,0.4243901213225372,180
2329,Eritrea,0.3727506496626182,180
2330,Eritrea,0.4140622269905534,180
2331,Eritrea,0.434718015654521,180
2332,Saint Lucia,0.4,180
2333,Eritrea,0.4450459099865049,180
2334,Eritrea,0.4037343326585696,180
2335,Eritrea,0.4,180
2336,Eritrea,0.383078543994602,180
2337,Eritrea,0.4553738043184887,180
2338,Eritrea,0.3934064383265858,180
2339,Senegal,,180
2340,Somalia,0.3582200105263159,181
2341,Antigua and Barbuda,0.3784786076052633,181
2342,Antigua and Barbuda,0.4026750390485831,181
2343,Somalia,0.3632847641700406,181
2344,Seychelles,0.4,181
2345,Somalia,0.3480905032388665,181
2346,Serbia,,181
2347,Antigua and Barbuda,0.3865440847530366,181
2348,Antigua and Barbuda,0.37041313045749,181
2349,Antigua and Barbuda,0.3946095619008098,181
2350,Somalia,0.3531552568825912,181
2351,Haiti,0.4,181
2352,Somalia,0.3430257495951418,181
2353,Somalia,0.3835437787449394,182
2354,Antigua and Barbuda,0.3462166990141702,182
2355,South Sudan,0.3925160593792173,182
2356,Saint Lucia,0.4,182
2357,Antigua and Barbuda,0.3300857447186236,182
2358,Seychelles,,182
2359,Somalia,0.37341427145749,182
2360,Cabo Verde,0.4,182
2361,Somalia,0.3784790251012146,182
2362,Somalia,0.3683495178137653,182
2363,Antigua and Barbuda,0.3381512218663969,182
2364,Antigua and Barbuda,0.3542821761619434,182
2365,Antigua and Barbuda,0.3623476533097167,182
2366,Haiti,0.3152726914979756,183
2367,Somalia,0.3886085323886641,183
2368,South Sudan,0.361394350877193,183
2369,Eritrea,0.3,183
2370,South Sudan,0.3510204480431849,183
2371,South Sudan,0.3198987395411606,183
2372,Burundi,0.3,183
2373,South Sudan,0.3717682537112011,183
2374,South Sudan,0.3406465452091768,183
2375,Sierra Leone,,183
2376,Haiti,0.3159279327935221,183
2377,South Sudan,0.3302726423751687,183
2378,South Sudan,0.3821421565452093,183
2379,Burundi,0.3487665131983806,184
2380,South Sudan,0.2991509338731444,184
2381,Burundi,0.3297228101862349,184
2382,Haiti,0.3139622089068825,184
2383,Haiti,0.314617450202429,184
2384,Faroe Islands,0.3,184
2385,South Sudan,0.3095248367071526,184
2386,Burundi,0.3170270081781377,184
2387,Burundi,0.3360707111902835,184
2388,Burundi,0.3233749091821863,184
2389,Solomon Islands,,184
2390,Burundi,0.342418612194332,184
2391,Liberia,0.3,184
2392,Burundi,0.3106791071740891,185
2393,"Gambia, The",0.3,185
2394,Burundi,0.297983305165992,185
2395,"Gambia, The",0.3171462906882591,185
2396,Somalia,,185
2397,"Gambia, The",0.3243446036437247,185
2398,Faroe Islands,0.3,185
2399,"Gambia, The",0.3459395425101215,185
2400,"Gambia, The",0.3387412295546559,185
2401,Burundi,0.2916354041619434,185
2402,Burundi,0.3043312061700405,185
2403,Haiti,0.3133069676113359,185
2404,"Gambia, The",0.3315429165991904,185
2405,Faroe Islands,0.3208942430870445,186
2406,Faroe Islands,0.2932435254453441,186
2407,South Sudan,,186
2408,Faroe Islands,0.3169441405668016,186
2409,Haiti,0.3126517263157893,186
2410,Faroe Islands,0.3248443456072874,186
2411,Faroe Islands,0.3129940380465587,186
2412,Faroe Islands,0.297193627965587,186
2413,"Gambia, The",0.302749664777328,186
2414,Faroe Islands,0.2892934229251012,186
2415,"Gambia, The",0.3099479777327936,186
2416,"Gambia, The",0.3,186
2417,Liberia,0.3,186
2418,Haiti,0.3100307611336031,187
2419,"Gambia, The",0.2955513518218624,187
2420,Haiti,0.3106860024291497,187
2421,Faroe Islands,0.30114373048583,187
2422,Antigua and Barbuda,0.3,187
2423,Faroe Islands,0.3050938330060728,187
2424,"Gambia, The",0.2883530388663968,187
2425,Antigua and Barbuda,0.3,187
2426,Haiti,0.3113412437246962,187
2427,Haiti,0.3119964850202428,187
2428,Sri Lanka,,187
2429,"Gambia, The",0.2811547259109312,187
2430,Faroe Islands,0.3090439355263158,187
2431,Turks and Caicos Islands,0.2285539635627531,188
2432,Turks and Caicos Islands,0.2480856578947369,188
2433,Somalia,0.3,188
2434,Somalia,0.3,188
2435,Turks and Caicos Islands,0.2611067874493927,188
2436,Turks and Caicos Islands,0.2806384817813765,188
2437,Turks and Caicos Islands,0.2220433987854251,188
2438,Turks and Caicos Islands,0.2545962226720648,188
2439,Turks and Caicos Islands,0.235064528340081,188
2440,Turks and Caicos Islands,0.2741279170040486,188
2441,Sudan,,188
2442,Turks and Caicos Islands,0.2415750931174089,188
2443,Turks and Caicos Islands,0.2676173522267207,188
2444,Grenada,0.2549392082995951,189
2445,Saint Kitts and Nevis,0.2,189
2446,Grenada,0.2216675722672065,189
2447,Grenada,0.2493939356275304,189
2448,Grenada,0.2272128449392712,189
2449,Grenada,0.2383033902834008,189
2450,Grenada,0.2715750263157894,189
2451,Grenada,0.2438486629554656,189
2452,Grenada,0.232758117611336,189
2453,Grenada,0.2604844809716599,189
2454,Suriname,,189
2455,Chad,0.2,189
2456,Grenada,0.2660297536437247,189
2457,Syria,,190
2458,Saint Kitts and Nevis,0.205701767611336,190
2459,Saint Kitts and Nevis,0.2459868072874494,190
2460,Saint Kitts and Nevis,0.2208086574898786,190
2461,Saint Kitts and Nevis,0.2157730275303644,190
2462,Saint Kitts and Nevis,0.2,190
2463,Saint Kitts and Nevis,0.2258442874493927,190
2464,Saint Kitts and Nevis,0.2409511773279352,190
2465,Saint Kitts and Nevis,0.2510224372469636,190
2466,Saint Kitts and Nevis,0.2359155473684211,190
2467,Saint Kitts and Nevis,0.2308799174089069,190
2468,Saint Kitts and Nevis,0.2107373975708502,190
2469,Sierra Leone,0.2,190
2470,Chad,0.207295820242915,191
2471,Chad,0.2436195870445344,191
2472,Chad,0.2299981744939271,191
2473,Tanzania,,191
2474,Grenada,0.2,191
2475,Chad,0.2254577036437247,191
2476,Chad,0.2118362910931174,191
2477,Chad,0.2,191
2478,Chad,0.2163767619433198,191
2479,Chad,0.2209172327935223,191
2480,Chad,0.239079116194332,191
2481,Chad,0.2027553493927125,191
2482,Chad,0.2345386453441295,191
2483,Gibraltar,0.202933576585695,192
2484,Gibraltar,0.2070150877192982,192
2485,Thailand,,192
2486,Gibraltar,0.2274226433873145,192
2487,Gibraltar,0.1988520654520918,192
2488,Gibraltar,0.2233411322537112,192
2489,Gibraltar,0.2151781099865047,192
2490,Gibraltar,0.1947705543184885,192
2491,Gibraltar,0.2315041545209177,192
2492,Grenada,0.2,192
2493,Gibraltar,0.2110965988529015,192
2494,Gibraltar,0.219259621120108,192
2495,Gibraltar,0.2,192
2496,American Samoa,0.2128708502024291,193
2497,American Samoa,0.2,193
2498,American Samoa,0.1861952874493926,193
2499,American Samoa,0.2010150445344129,193
2500,American Samoa,0.2039789959514169,193
2501,Turks and Caicos Islands,0.2,193
2502,American Samoa,0.1891592388663967,193
2503,American Samoa,0.209906898785425,193
2504,American Samoa,0.1980510931174088,193
2505,American Samoa,0.206942947368421,193
2506,American Samoa,0.1921231902834007,193
2507,The Bahamas,,193
2508,American Samoa,0.1950871417004048,193
2509,Central African Republic,0.1754999611336032,194
2510,Central African Republic,0.1700235412955465,194
2511,Central African Republic,0.1672853313765182,194
2512,British Virgin Islands,0.1898128964873723,194
2513,Central African Republic,0.1782381710526316,194
2514,British Virgin Islands,0.1814496868141508,194
2515,British Virgin Islands,0.1981761061605938,194
2516,British Virgin Islands,0.1856312916507615,194
2517,Timor-Leste,,194
2518,American Samoa,0.2,194
2519,British Virgin Islands,0.193994501323983,194
2520,Central African Republic,0.1727617512145749,194
2521,Gibraltar,0.2,194
2522,Central African Republic,0.1809763809716599,195
2523,British Virgin Islands,0.160541662631097,195
2524,Central African Republic,0.1891910107287449,195
2525,Turks and Caicos Islands,0.2,195
2526,British Virgin Islands,0.1689048723043185,195
2527,British Virgin Islands,0.1730864771409292,195
2528,Sierra Leone,0.2,195
2529,British Virgin Islands,0.1647232674677077,195
2530,Togo,,195
2531,Central African Republic,0.1919292206477733,195
2532,Central African Republic,0.1837145908906882,195
2533,British Virgin Islands,0.17726808197754,195
2534,Central African Republic,0.1864528008097166,195
2535,Saint Vincent/Grenadines,0.1514003896772469,196
2536,Saint Vincent/Grenadines,0.1547430015358704,196
2537,Saint Vincent/Grenadines,0.1681134489703644,196
2538,Saint Vincent/Grenadines,0.1814838964048583,196
2539,Saint Vincent/Grenadines,0.1714560608289878,196
2540,Saint Vincent/Grenadines,0.1,196
2541,Saint Vincent/Grenadines,0.1647708371117409,196
2542,Saint Vincent/Grenadines,0.1,196
2543,Saint Vincent/Grenadines,0.1580856133944939,196
2544,Saint Vincent/Grenadines,0.1747986726876113,196
2545,Tonga,,196
2546,Saint Vincent/Grenadines,0.1781412845462348,196
2547,Saint Vincent/Grenadines,0.1614282252531174,196
2548,Samoa,0.1567140364372469,197
2549,Trinidad and Tobago,,197
2550,Samoa,0.1540782010688259,197
2551,Samoa,0.1408990242267206,197
2552,Samoa,0.1461706949635627,197
2553,Samoa,0.1382631888582996,197
2554,Samoa,0.1,197
2555,Samoa,0.1435348595951417,197
2556,Samoa,0.1356273534898785,197
2557,Samoa,0.1514423657004048,197
2558,Samoa,0.1329915181214574,197
2559,Samoa,0.1,197
2560,Samoa,0.1488065303319838,197
2561,Sierra Leone,0.125936916271255,198
2562,Sierra Leone,0.1285936864291498,198
2563,Dominica,0.1253757498785425,198
2564,Sierra Leone,0.1268225063238866,198
2565,Sierra Leone,0.1303648665344129,198
2566,Sierra Leone,0.1250513262186235,198
2567,Sierra Leone,0.1312504565870445,198
2568,Tunisia,,198
2569,Central African Republic,0.1,198
2570,Sierra Leone,0.1277080963765182,198
2571,Sierra Leone,0.1241657361659919,198
2572,Central African Republic,0.1,198
2573,Sierra Leone,0.1294792764817814,198
2574,Dominica,0.1182419661214575,199
2575,British Virgin Islands,0.1,199
2576,Turkmenistan,,199
2577,Sierra Leone,0.1232801461133603,199
2578,Dominica,0.1206198940404858,199
2579,Dominica,0.1111081823643724,199
2580,Dominica,0.1039743986072874,199
2581,Dominica,0.1063523265263158,199
2582,Vanuatu,0.0,199
2583,Dominica,0.1087302544453441,199
2584,Dominica,0.1134861102834008,199
2585,Dominica,0.1229978219595142,199
2586,Dominica,0.1158640382024291,199
2587,Solomon Islands,0.1128086628906883,200
2588,Solomon Islands,0.1083977719149798,200
2589,Solomon Islands,0.101781435451417,200
2590,Sao Tome and Principe,0.0,200
2591,Turks and Caicos Islands,,200
2592,Solomon Islands,0.1172195538663968,200
2593,Solomon Islands,0.0973705444757085,200
2594,Solomon Islands,0.110603217402834,200
2595,Wake Island,0.0,200
2596,Solomon Islands,0.1061923264271255,200
2597,Solomon Islands,0.1150141083785425,200
2598,Solomon Islands,0.0995759899635627,200
2599,Solomon Islands,0.1039868809392713,200
2600,Sao Tome and Principe,0.0855612550607287,201
2601,Sao Tome and Principe,0.0729471417004048,201
2602,U.S. Pacific Islands,,201
2603,Sao Tome and Principe,0.0801552064777328,201
2604,Sao Tome and Principe,0.0747491578947368,201
2605,Liberia,0.0877609372469632,201
2606,Sao Tome and Principe,0.0783531902834008,201
2607,Liberia,0.0742836558704449,201
2608,Timor-Leste,0.0,201
2609,Sao Tome and Principe,0.0765511740890688,201
2610,Sao Tome and Principe,0.0837592388663967,201
2611,Nauru,0.0,201
2612,Sao Tome and Principe,0.0819572226720647,201
2613,Kiribati,0.0,202
2614,Montserrat,0.0,202
2615,Sao Tome and Principe,0.0693431093117409,202
2616,Comoros,0.0727627607287449,202
2617,U.S. Virgin Islands,,202
2618,Comoros,0.0679046591093117,202
2619,Comoros,0.0695240263157895,202
2620,Comoros,0.0711433935222672,202
2621,Comoros,0.066285291902834,202
2622,Sao Tome and Principe,0.0711451255060728,202
2623,Comoros,0.0776208623481781,202
2624,Comoros,0.0760014951417004,202
2625,Comoros,0.0743821279352227,202
2626,Kiribati,0.0,203
2627,Vanuatu,0.0695066861726431,203
2628,Vanuatu,0.0658133478311162,203
2629,Uganda,,203
2630,Vanuatu,0.0719689117336611,203
2631,Tonga,0.0,203
2632,Vanuatu,0.0645822350506073,203
2633,Vanuatu,0.0670444606116252,203
2634,Vanuatu,0.0682755733921342,203
2635,Vanuatu,0.0707377989531521,203
2636,Comoros,0.0630465574898785,203
2637,Comoros,0.0646659246963563,203
2638,Vanuatu,0.07320002451417,203
2639,Vanuatu,0.0633511222700983,204
2640,Liberia,0.0608063744939267,204
2641,United Arab Emirates,,204
2642,Tonga,0.0608745242914979,204
2643,Tonga,0.0596871740890688,204
2644,Saint Pierre and Miquelon,0.0,204
2645,Tonga,0.0656239251012145,204
2646,Tonga,0.0632492246963562,204
2647,Tonga,0.0644365748987854,204
2648,Vanuatu,0.0621200094895893,204
2649,Tonga,0.0620618744939271,204
2650,British Virgin Islands,0.0,204
2651,Tonga,0.0668112753036437,204
2652,Saint Pierre and Miquelon,0.049894939271255,205
2653,Saint Pierre and Miquelon,0.0479859919028339,205
2654,Uruguay,,205
2655,Nauru,0.0,205
2656,Saint Pierre and Miquelon,0.0503721761133603,205
2657,Saint Pierre and Miquelon,0.0494177024291497,205
2658,Saint Pierre and Miquelon,0.0484632287449392,205
2659,Tonga,0.0584998238866396,205
2660,Tonga,0.0573124736842105,205
2661,Tonga,0.0561251234817813,205
2662,Saint Pierre and Miquelon,0.0489404655870445,205
2663,Timor-Leste,0.0,205
2664,Saint Pierre and Miquelon,0.0508494129554655,205
2665,Cook Islands,0.0380809989777327,206
2666,Tonga,0.0,206
2667,Cook Islands,0.0401943771012145,206
2668,Saint Pierre and Miquelon,0.0465542813765182,206
2669,Cook Islands,0.0387854583522267,206
2670,Solomon Islands,0.0,206
2671,Cook Islands,0.0408988364757085,206
2672,Cook Islands,0.0416032958502024,206
2673,Saint Pierre and Miquelon,0.0470315182186234,206
2674,Uzbekistan,,206
2675,Liberia,0.0473290931174085,206
2676,Saint Pierre and Miquelon,0.0475087550607287,206
2677,Cook Islands,0.0394899177267206,206
2678,Liberia,0.0338518117408902,207
2679,Saint Helena,0.0,207
2680,Vanuatu,,207
2681,Cook Islands,0.0366720802287449,207
2682,Cook Islands,0.035263161479757,207
2683,Kiribati,0.0324403064372469,207
2684,Kiribati,0.0317602533502024,207
2685,Kiribati,0.0310802002631579,207
2686,Cook Islands,0.0373765396032388,207
2687,Vanuatu,0.0,207
2688,Cook Islands,0.035967620854251,207
2689,Kiribati,0.033800412611336,207
2690,Kiribati,0.0331203595242915,207
2691,Kiribati,0.0283599879149797,208
2692,Nauru,0.0255248603238866,208
2693,Venezuela,,208
2694,Kiribati,0.0304001471761133,208
2695,Comoros,0.0,208
2696,Nauru,0.025541991902834,208
2697,Kiribati,0.0276799348279352,208
2698,Nauru,0.0255077287449392,208
2699,Kiribati,0.0297200940890688,208
2700,Saint Helena,0.0,208
2701,Nauru,0.0255762550607287,208
2702,Nauru,0.0255591234817813,208
2703,Kiribati,0.0290400410020243,208
2704,Saint Pierre and Miquelon,0.0,209
2705,Nauru,0.0254905971659918,209
2706,Montserrat,0.0234363765182186,209
2707,Nauru,0.0254220708502024,209
2708,Montserrat,0.0223527570850202,209
2709,Comoros,0.0,209
2710,Montserrat,0.0226236619433198,209
2711,Nauru,0.0254392024291497,209
2712,Nauru,0.0254563340080971,209
2713,Montserrat,0.023165471659919,209
2714,Vietnam,,209
2715,Montserrat,0.0228945668016194,209
2716,Nauru,0.0254734655870445,209
2717,Wake Island,,210
2718,Liberia,0.020374530364372,210
2719,Saint Helena,0.0102958906882591,210
2720,Montserrat,0.021810947368421,210
2721,Wake Island,0.0,210
2722,Saint Helena,0.0099671902834008,210
2723,Montserrat,0.0209982327935222,210
2724,Saint Helena,0.0101315404858299,210
2725,Dominica,0.0,210
2726,Saint Helena,0.0098028400809716,210
2727,Montserrat,0.0212691376518218,210
2728,Montserrat,0.0215400425101214,210
2729,Montserrat,0.0220818522267206,210
2730,Timor-Leste,0.0,211
2731,Saint Helena,0.0094741396761133,211
2732,Timor-Leste,0.0,211
2733,Solomon Islands,0.0,211
2734,Saint Helena,0.0089810890688259,211
2735,Saint Helena,0.0096384898785425,211
2736,Yemen,,211
2737,Montserrat,0.0,211
2738,Saint Helena,0.0093097894736842,211
2739,Timor-Leste,0.0,211
2740,Saint Helena,0.009145439271255,211
2741,Liberia,0.0068972489878538,211
2742,Saint Helena,0.0088167388663967,211
2743,Wake Island,0.0,212
2744,Wake Island,0.0,212
2745,Wake Island,0.0,212
2746,Wake Island,0.0,212
2747,Wake Island,0.0,212
2748,Timor-Leste,0.0,212
2749,Zambia,,212
2750,Sao Tome and Principe,0.0,212
2751,Wake Island,0.0,212
2752,Cook Islands,0.0,212
2753,Wake Island,0.0,212
2754,Wake Island,0.0,212
2755,Wake Island,0.0,212
2756,Timor-Leste,0.0,213
2757,Timor-Leste,0.0,213
2758,Dominica,0.0,213
2759,Liberia,-0.0200573137651826,213
2760,Timor-Leste,0.0,213
2761,Timor-Leste,0.0,213
2762,Timor-Leste,0.0,213
2763,Liberia,-0.0065800323886643,213
2764,Cook Islands,0.0,213
2765,Zimbabwe,,213
2766,Wake Island,0.0,213
2767,Timor-Leste,0.0,213
2768,Liberia,-0.0335345951417008,213
