,name,value,year,lastValue,rank
0,ZEC,83259202.30819553,2016,0.0,1
1,ZEC,345261269.484068,2017,83259202.30819553,1
2,ZEC,33333925730.624588,2043,32086791225.95071,1
3,ZEC,32086791225.95071,2042,30839656721.27683,1
4,ZEC,30839656721.27683,2041,29671884535.9477,1
5,ZEC,29671884535.9477,2040,28341970905.06696,1
6,ZEC,28341970905.06696,2039,27094836400.39308,1
7,ZEC,27094836400.39308,2038,25847701895.7192,1
8,ZEC,1987489846.4505088,2018,345261269.484068,1
9,ZEC,25847701895.7192,2037,24666253121.826897,1
10,ZEC,24666253121.826897,2036,23350016079.509315,1
11,ZEC,23350016079.509315,2035,22102881574.835438,1
12,ZEC,22102881574.835438,2034,20855747070.16156,1
13,ZEC,34677515950.06851,2044,33333925730.624588,1
14,ZEC,20855747070.16156,2033,19660621707.70609,1
15,ZEC,19660621707.70609,2032,18358061253.95168,1
16,ZEC,18358061253.95168,2031,17110926749.277802,1
17,ZEC,17110926749.277802,2030,15863792244.60392,1
18,ZEC,15863792244.60392,2029,14654990293.58528,1
19,ZEC,14654990293.58528,2028,13366106428.39404,1
20,ZEC,13366106428.39404,2027,12118971923.72016,1
21,ZEC,4643727465.343662,2020,3627272550.79475,1
22,ZEC,12118971923.72016,2026,10871837419.046282,1
23,ZEC,10871837419.046282,2025,9649358879.46447,1
24,ZEC,9649358879.46447,2024,8374151602.836405,1
25,ZEC,8374151602.836405,2023,7127017098.162525,1
26,ZEC,7127017098.162525,2022,5879882593.488647,1
27,ZEC,3627272550.79475,2019,1987489846.4505088,1
28,ZEC,34677515950.06851,2045,34677515950.06851,1
29,ZEC,5879882593.488647,2021,4643727465.343662,1
30,ZEC,40823566372.392105,2049,38325880556.18223,1
31,ZEC,38325880556.18223,2047,37078746051.50835,1
32,ZEC,38325880556.18223,2048,38325880556.18223,1
33,ZEC,37078746051.50835,2046,34677515950.06851,1
34,XMR,11602640929.158031,2033,10937758947.263472,2
35,XMR,8152984864.303355,2028,7435942380.191399,2
36,XMR,17156971750.362633,2041,16507307113.1837,2
37,XMR,8825475518.555727,2029,8152984864.303355,2
38,XMR,9519291654.674717,2030,8825475518.555727,2
39,XMR,10213107790.7937,2031,9519291654.674717,2
40,XMR,16507307113.1837,2040,15767438611.998304,2
41,XMR,10937758947.263472,2032,10213107790.7937,2
42,XMR,2017954131.1792767,2019,1105696715.6887393,2
43,XMR,21321769433.202908,2048,21321769433.202908,2
44,XMR,7435942380.191399,2027,6742126244.0724125,2
45,XMR,12296457065.277016,2034,11602640929.158031,2
46,XMR,15073622475.879318,2038,14379806339.76033,2
47,XMR,21321769433.202908,2047,20627953297.08392,2
48,XMR,1105696715.6887393,2018,192078592.2025413,2
49,XMR,12990273201.396004,2035,12296457065.277016,2
50,XMR,3271144697.351125,2021,2583436698.383122,2
51,XMR,13722533030.223589,2036,12990273201.396004,2
52,XMR,15767438611.998304,2039,15073622475.879318,2
53,XMR,17850787886.481617,2042,17156971750.362633,2
54,XMR,14379806339.76033,2037,13722533030.223589,2
55,XMR,5368210781.343239,2024,4658776969.589099,2
56,XMR,22711302571.56723,2049,21321769433.202908,2
57,XMR,2583436698.383122,2020,2017954131.1792767,2
58,XMR,19292081196.143818,2045,19292081196.143818,2
59,XMR,4658776969.589099,2023,3964960833.470112,2
60,XMR,20627953297.08392,2046,19292081196.143818,2
61,XMR,18544604022.600605,2043,17850787886.481617,2
62,XMR,19292081196.143818,2044,18544604022.600605,2
63,XMR,46319444.95588069,2016,0.0,2
64,XMR,192078592.2025413,2017,46319444.95588069,2
65,XMR,6742126244.0724125,2026,6048310107.953424,2
66,XMR,3964960833.470112,2022,3271144697.351125,2
67,XMR,6048310107.953424,2025,5368210781.343239,2
68,ETC,7685285.665798135,2034,7251650.580723769,3
69,ETH,2478100.52091882,2022,2044465.4358444533,3
70,ETC,8118920.750872502,2035,7685285.665798135,3
71,ETH,2044465.4358444533,2021,1614647.9364894514,3
72,ETC,8576583.14388974,2036,8118920.750872502,3
73,ETH,28949.653097425427,2016,0.0,3
74,ETC,7251650.580723769,2033,6836099.342039669,3
75,ETC,14194564.10722952,2049,13326105.895751815,3
76,ETC,6836099.342039669,2032,6383192.369246064,3
77,ETH,3355131.738339524,2024,2911735.6059931866,3
78,ETH,1261221.3319870478,2019,691060.4473054621,3
79,ETH,51975269.92637262,2048,13326105.895751815,3
80,ETC,6383192.369246064,2031,5949557.284171698,3
81,ETH,3780193.8174708905,2025,3355131.738339524,3
82,ETC,5949557.284171698,2030,5515922.19909733,3
83,ETH,4213828.902545258,2026,3780193.8174708905,3
84,ETC,5515922.19909733,2029,5095615.540189597,3
85,ETC,13326105.895751815,2047,12892470.810677448,3
86,ETH,1614647.9364894514,2020,1261221.3319870478,3
87,ETH,4647463.9876196245,2027,4213828.902545258,3
88,ETH,2911735.6059931866,2023,2478100.52091882,3
89,ETH,5095615.540189597,2028,4647463.9876196245,3
90,ETH,46717829.42689606,2045,12057550.747589888,3
91,ETC,12057550.747589888,2044,11590377.51412538,3
92,ETC,120049.12012658831,2017,28949.653097425427,3
93,ETC,9854649.132498942,2039,9421014.047424572,3
94,ETC,11590377.51412538,2043,11156742.429051012,3
95,ETC,9421014.047424572,2038,8987378.962350206,3
96,ETC,691060.4473054621,2018,120049.12012658831,3
97,ETC,11156742.429051012,2042,10723107.343976645,3
98,ETC,10317066.945739811,2040,9854649.132498942,3
99,ETC,12892470.810677448,2046,12057550.747589888,3
100,ETC,8987378.962350206,2037,8576583.14388974,3
101,ETC,10723107.343976645,2041,10317066.945739811,3
102,ETH,12892470.810677448,2046,46717829.42689606,4
103,ETC,2478100.52091882,2022,2044465.4358444533,4
104,ETC,5095615.540189597,2028,4647463.9876196245,4
105,ETH,9854649.132498942,2039,9421014.047424572,4
106,ETC,1261221.3319870478,2019,691060.4473054621,4
107,ETC,4213828.902545258,2026,3780193.8174708905,4
108,ETH,5515922.19909733,2029,5095615.540189597,4
109,LTC,39709106.22374868,2048,10181144.904354388,4
110,ETH,10723107.343976645,2041,10317066.945739811,4
111,ETH,10317066.945739811,2040,9854649.132498942,4
112,ETH,12057550.747589888,2044,11590377.51412538,4
113,ETH,6383192.369246064,2031,5949557.284171698,4
114,ETC,4647463.9876196245,2027,4213828.902545258,4
115,ETH,5949557.284171698,2030,5515922.19909733,4
116,ETC,3355131.738339524,2024,2911735.6059931866,4
117,ETC,28949.653097425427,2016,0.0,4
118,ETH,6836099.342039669,2032,6383192.369246064,4
119,ETC,3780193.8174708905,2025,3355131.738339524,4
120,ETH,8576583.14388974,2036,8118920.750872502,4
121,ETH,8987378.962350206,2037,8576583.14388974,4
122,ETH,13326105.895751815,2047,12892470.810677448,4
123,ETC,2044465.4358444533,2021,1614647.9364894514,4
124,ETH,8118920.750872502,2035,7685285.665798135,4
125,ETH,11156742.429051012,2042,10723107.343976645,4
126,ETH,691060.4473054621,2018,120049.12012658831,4
127,ETH,120049.12012658831,2017,28949.653097425427,4
128,ETC,2911735.6059931866,2023,2478100.52091882,4
129,ETH,7685285.665798135,2034,7251650.580723769,4
130,ETH,11590377.51412538,2043,11156742.429051012,4
131,ETC,1614647.9364894514,2020,1261221.3319870478,4
132,LTC,35692421.68214858,2045,9211968.771158677,4
133,ETH,7251650.580723769,2033,6836099.342039669,4
134,ETH,9421014.047424572,2038,8987378.962350206,4
135,ETH,14194564.10722952,2049,51975269.92637262,4
136,DOGE,22117.534966433024,2016,0.0,5
137,DOGE,91717.52777671348,2017,22117.534966433024,5
138,LTC,2224566.0029787947,2023,1893268.7979819784,5
139,LTC,8855048.42079179,2043,8523751.215794973,5
140,DOGE,3550662.4865413927,2027,3219365.2815445773,5
141,DOGE,1233591.0234779408,2020,963573.0976381048,5
142,DOGE,3219365.2815445773,2026,2888068.0765477605,5
143,LTC,2888068.0765477605,2025,2563320.648091397,5
144,DOGE,8192454.010798158,2041,7882239.146545217,5
145,LTC,8523751.215794973,2042,8192454.010798158,5
146,LTC,6202855.453666592,2035,5871558.248669775,5
147,LTC,9211968.771158677,2044,8855048.42079179,5
148,DOGE,6552509.521931763,2036,6202855.453666592,5
149,DOGE,6866357.527235557,2037,6552509.521931763,5
150,ETC,12057550.747589888,2045,12057550.747589888,5
151,DOGE,527970.181741373,2018,91717.52777671348,5
152,LTC,10181144.904354388,2047,9849847.699357571,5
153,LTC,1561971.5929851625,2021,1233591.0234779408,5
154,LTC,5871558.248669775,2034,5540261.043672959,5
155,LTC,5540261.043672959,2033,5222779.897318307,5
156,DOGE,7197654.732232374,2038,6866357.527235557,5
157,LTC,10844646.977923352,2049,39709106.22374868,5
158,DOGE,3893050.272704852,2028,3550662.4865413927,5
159,DOGE,5222779.897318307,2032,4876758.970103992,5
160,LTC,2563320.648091397,2024,2224566.0029787947,5
161,DOGE,7528951.937229191,2039,7197654.732232374,5
162,LTC,1893268.7979819784,2022,1561971.5929851625,5
163,DOGE,4876758.970103992,2031,4545461.765107177,5
164,LTC,9849847.699357571,2046,35692421.68214858,5
165,DOGE,4545461.765107177,2030,4214164.56011036,5
166,DOGE,7882239.146545217,2040,7528951.937229191,5
167,ETC,13326105.895751815,2048,13326105.895751815,5
168,DOGE,4214164.56011036,2029,3893050.272704852,5
169,DOGE,963573.0976381048,2019,527970.181741373,5
170,DOGE,1893268.7979819784,2022,1561971.5929851625,6
171,DOGE,9211968.771158677,2044,8855048.42079179,6
172,DOGE,1561971.5929851625,2021,1233591.0234779408,6
173,DOGE,2224566.0029787947,2023,1893268.7979819784,6
174,DOGE,9211968.771158677,2045,9211968.771158677,6
175,DOGE,8855048.42079179,2043,8523751.215794973,6
176,LTC,6552509.521931763,2036,6202855.453666592,6
177,DOGE,2888068.0765477605,2025,2563320.648091397,6
178,DOGE,6202855.453666592,2035,5871558.248669775,6
179,LTC,6866357.527235557,2037,6552509.521931763,6
180,DOGE,5871558.248669775,2034,5540261.043672959,6
181,DOGE,10181144.904354388,2047,9849847.699357571,6
182,DOGE,5540261.043672959,2033,5222779.897318307,6
183,LTC,5222779.897318307,2032,4876758.970103992,6
184,LTC,7197654.732232374,2038,6866357.527235557,6
185,DOGE,9849847.699357571,2046,9211968.771158677,6
186,DOGE,2563320.648091397,2024,2224566.0029787947,6
187,LTC,7528951.937229191,2039,7197654.732232374,6
188,LTC,4545461.765107177,2030,4214164.56011036,6
189,LTC,4214164.56011036,2029,3893050.272704852,6
190,LTC,7882239.146545217,2040,7528951.937229191,6
191,LTC,3893050.272704852,2028,3550662.4865413927,6
192,LTC,3550662.4865413927,2027,3219365.2815445773,6
193,LTC,8192454.010798158,2041,7882239.146545217,6
194,LTC,3219365.2815445773,2026,2888068.0765477605,6
195,DOGE,8523751.215794973,2042,8192454.010798158,6
196,LTC,4876758.970103992,2031,4545461.765107177,6
197,DOGE,10181144.904354388,2048,10181144.904354388,6
198,DOGE,10844646.977923352,2049,10181144.904354388,6
199,LTC,22117.534966433024,2016,0.0,6
200,LTC,963573.0976381048,2019,527970.181741373,6
201,LTC,91717.52777671348,2017,22117.534966433024,6
202,LTC,1233591.0234779408,2020,963573.0976381048,6
203,LTC,527970.181741373,2018,91717.52777671348,6
204,VTC,8870019.917746086,2046,8295594.914341843,7
205,VTC,8295594.914341843,2044,7974179.729718261,7
206,VTC,867720.276407089,2019,475449.587746158,7
207,VTC,6183316.726096941,2037,5900689.202996142,7
208,VTC,7675838.791187095,2042,7377497.852655932,7
209,VTC,1110877.7803047425,2020,867720.276407089,7
210,VTC,9168360.856277248,2048,9168360.856277248,7
211,VTC,2308330.6359775923,2024,2003274.0969233124,7
212,VTC,4391636.350041293,2031,4093295.411510128,7
213,VTC,2003274.0969233124,2023,1704933.158392148,7
214,VTC,1704933.158392148,2022,1406592.2198609838,7
215,VTC,6779998.603159272,2039,6481657.664628107,7
216,VTC,3197455.223482301,2027,2899114.2849511374,7
217,VTC,3505783.4916504426,2028,3197455.223482301,7
218,VTC,4093295.411510128,2030,3794954.472978963,7
219,VTC,475449.587746158,2018,82593.79464709276,7
220,VTC,8295594.914341843,2045,8295594.914341843,7
221,VTC,5585817.476600282,2035,5287476.538069117,7
222,VTC,19917.361331028693,2016,0.0,7
223,VTC,7974179.729718261,2043,7675838.791187095,7
224,VTC,9765860.10577391,2049,9168360.856277248,7
225,VTC,7098142.058668992,2040,6779998.603159272,7
226,VTC,1406592.2198609838,2021,1110877.7803047425,7
227,VTC,82593.79464709276,2017,19917.361331028693,7
228,VTC,4989135.599537953,2033,4703236.347323293,7
229,VTC,5287476.538069117,2034,4989135.599537953,7
230,VTC,3794954.472978963,2029,3505783.4916504426,7
231,VTC,2600773.346419973,2025,2308330.6359775923,7
232,VTC,6481657.664628107,2038,6183316.726096941,7
233,VTC,2899114.2849511374,2026,2600773.346419973,7
234,VTC,7377497.852655932,2041,7098142.058668992,7
235,VTC,9168360.856277248,2047,8870019.917746086,7
236,VTC,5900689.202996142,2036,5585817.476600282,7
237,VTC,4703236.347323293,2032,4391636.350041293,7
238,DASH,46361.51005650152,2043,44626.96971620405,8
239,DASH,48230.202990359554,2045,48230.202990359554,8
240,DASH,18589.855950478497,2027,16855.315610181035,8
241,DASH,39418.59652999577,2039,37684.05618969829,8
242,DASH,29006.602322895076,2033,27344.39736815868,8
243,DASH,15120.77526988356,2025,13420.526953358098,8
244,DASH,25532.769476984256,2031,23798.22913668679,8
245,DASH,53304.42358300727,2047,51569.8832427098,8
246,DASH,34306.33257555897,2036,32475.68300349001,8
247,China,5951.0,2017,5565.0,8
248,DASH,23798.22913668679,2030,22063.68879638932,8
249,DASH,20382.462160758387,2028,18589.855950478497,8
250,DASH,41268.26778295925,2040,39418.59652999577,8
251,China,5244.606301792781,2019,6453.0,8
252,DASH,13420.526953358098,2024,11646.942423972749,8
253,DASH,11646.942423972749,2023,9912.40208367528,8
254,DASH,37684.05618969829,2038,35949.51584940083,8
255,DASH,6458.591745957805,2020,5044.885327948192,8
256,DASH,27344.39736815868,2032,25532.769476984256,8
257,China,6453.0,2018,5951.0,8
258,DASH,16855.315610181035,2026,15120.77526988356,8
259,DASH,44626.96971620405,2042,42892.42937590658,8
260,DASH,53304.42358300727,2048,53304.42358300727,8
261,DASH,48230.202990359554,2044,46361.51005650152,8
262,DASH,35949.51584940083,2037,34306.33257555897,8
263,DASH,8177.861743377812,2021,6458.591745957805,8
264,DASH,42892.42937590658,2041,41268.26778295925,8
265,DASH,22063.68879638932,2029,20382.462160758387,8
266,DASH,56778.25642891809,2049,53304.42358300727,8
267,China,5565.0,2016,0.0,8
268,DASH,51569.8832427098,2046,48230.202990359554,8
269,DASH,9912.40208367528,2022,8177.861743377812,8
270,DASH,30741.14266319254,2034,29006.602322895076,8
271,DASH,32475.68300349001,2035,30741.14266319254,8
272,China,6625.888268308368,2029,6472.41249425108,9
273,China,7393.267138594804,2034,7239.791364537517,9
274,China,5705.033623964643,2023,5551.557849907355,9
275,China,9234.976427282256,2046,9081.500653224968,9
276,China,5244.606301792781,2020,5244.606301792781,9
277,China,8467.597556995817,2041,8314.121782938531,9
278,China,9081.500653224968,2045,8928.02487916768,9
279,China,6779.364042365655,2030,6625.888268308368,9
280,China,5858.509398021931,2024,5705.033623964643,9
281,China,7853.694460766667,2037,7700.21868670938,9
282,China,9695.403749454115,2049,9541.92797539683,9
283,China,6011.985172079218,2025,5858.509398021931,9
284,China,8621.073331053105,2042,8467.597556995817,9
285,China,8314.121782938531,2040,8160.646008881243,9
286,China,6472.41249425108,2028,6318.936720193793,9
287,China,8774.549105110393,2043,8621.073331053105,9
288,United States,4033.0,2018,3888.0,9
289,China,7700.21868670938,2036,7546.742912652092,9
290,China,6165.460946136505,2026,6011.985172079218,9
291,China,6932.839816422943,2031,6779.364042365655,9
292,DASH,5044.885327948192,2019,2764.241789221848,9
293,China,8928.02487916768,2044,8774.549105110393,9
294,China,8007.170234823955,2038,7853.694460766667,9
295,China,9541.92797539683,2048,9388.452201339544,9
296,China,7546.742912652092,2035,7393.267138594804,9
297,China,5398.082075850068,2021,5244.606301792781,9
298,China,5551.557849907355,2022,5398.082075850068,9
299,China,8160.646008881243,2039,8007.170234823955,9
300,United States,3921.0,2016,0.0,9
301,United States,3888.0,2017,3921.0,9
302,China,6318.936720193793,2027,6165.460946136505,9
303,China,9388.452201339544,2047,9234.976427282256,9
304,China,7239.791364537517,2033,7086.31559048023,9
305,China,7086.31559048023,2032,6932.839816422943,9
306,United States,4567.089265575311,2023,4512.491739301586,10
307,United States,5932.027422418449,2048,5877.429896144724,10
308,India,1168.0,2016,0.0,10
309,United States,4621.686791849037,2024,4567.089265575311,10
310,United States,5768.234843597273,2045,5713.637317323547,10
311,United States,5058.46700203884,2032,5003.869475765116,10
312,United States,5222.259580860017,2035,5167.662054586292,10
313,United States,5713.637317323547,2044,5659.039791049821,10
314,United States,4730.881844396487,2026,4676.284318122762,10
315,United States,4457.89421302786,2021,4403.296686754135,10
316,United States,5986.624948692175,2049,5932.027422418449,10
317,United States,4894.674423217664,2029,4840.076896943939,10
318,DASH,2764.241789221848,2018,480.1964805063533,10
319,United States,5386.052159681194,2038,5331.4546334074685,10
320,United States,5331.4546334074685,2037,5276.857107133743,10
321,United States,4785.479370670213,2027,4730.881844396487,10
322,United States,5003.869475765116,2031,4949.27194949139,10
323,United States,5549.84473850237,2041,5495.247212228645,10
324,United States,5659.039791049821,2043,5604.442264776096,10
325,India,1226.0,2017,1168.0,10
326,United States,4949.27194949139,2030,4894.674423217664,10
327,United States,4403.296686754135,2019,4033.0,10
328,United States,4676.284318122762,2025,4621.686791849037,10
329,United States,4840.076896943939,2028,4785.479370670213,10
330,United States,5276.857107133743,2036,5222.259580860017,10
331,United States,5495.247212228645,2040,5440.649685954919,10
332,United States,5877.429896144724,2047,5822.832369870998,10
333,United States,5822.832369870998,2046,5768.234843597273,10
334,United States,4403.296686754135,2020,4403.296686754135,10
335,United States,5604.442264776096,2042,5549.84473850237,10
336,United States,5167.662054586292,2034,5113.064528312567,10
337,United States,4512.491739301586,2022,4457.89421302786,10
338,United States,5113.064528312567,2033,5058.46700203884,10
339,United States,5440.649685954919,2039,5386.052159681194,10
340,Russia,1777.5482667705803,2041,1748.4461568535764,11
341,Russia,1341.0166180155195,2026,1311.9145080985156,11
342,Russia,1864.8545965215928,2044,1835.7524866045885,11
343,Russia,1544.731387434548,2033,1515.629277517544,11
344,Russia,2010.3651461066129,2049,1981.2630361896088,11
345,Russia,1311.9145080985156,2025,1282.8123981815115,11
346,Russia,1166.4039585134954,2020,1166.4039585134954,11
347,Russia,1893.9567064385967,2045,1864.8545965215928,11
348,Russia,1632.0377171855605,2036,1602.9356072685562,11
349,India,1277.0,2018,1226.0,11
350,Russia,1399.220837849528,2028,1370.1187279325238,11
351,Russia,1573.833497351552,2034,1544.731387434548,11
352,Russia,1428.3229477665318,2029,1399.220837849528,11
353,Russia,1515.629277517544,2032,1486.52716760054,11
354,Russia,1195.5060684304997,2021,1166.4039585134954,11
355,Russia,1602.9356072685562,2035,1573.833497351552,11
356,Russia,1690.2419370195682,2038,1661.1398271025644,11
357,Russia,1981.2630361896088,2048,1952.160926272605,11
358,Japan,947.0,2016,0.0,11
359,Russia,1370.1187279325238,2027,1341.0166180155195,11
360,Russia,1224.6081783475036,2022,1195.5060684304997,11
361,Russia,1806.6503766875844,2042,1777.5482667705803,11
362,Russia,1486.52716760054,2031,1457.425057683536,11
363,Russia,1166.4039585134954,2019,929.0,11
364,Russia,1719.3440469365723,2039,1690.2419370195682,11
365,Russia,1253.7102882645077,2023,1224.6081783475036,11
366,Russia,1457.425057683536,2030,1428.3229477665318,11
367,Russia,1835.7524866045885,2043,1806.6503766875844,11
368,Russia,1952.160926272605,2047,1923.0588163556008,11
369,Russia,1923.0588163556008,2046,1893.9567064385967,11
370,Russia,1661.1398271025644,2037,1632.0377171855605,11
371,Russia,1748.4461568535764,2040,1719.3440469365723,11
372,Russia,1282.8123981815115,2024,1253.7102882645077,11
373,Japan,949.0,2017,947.0,11
374,India,1436.3159745765183,2033,1408.0725085437248,12
375,India,1577.533304740486,2038,1549.2898387076923,12
376,India,1746.9941009372471,2044,1718.7506349044536,12
377,Russia,910.0,2016,0.0,12
378,India,1182.1247802813766,2024,1153.881314248583,12
379,India,1859.967965068421,2048,1831.724499035628,12
380,India,1718.7506349044536,2043,1690.50716887166,12
381,India,1775.2375669700407,2045,1746.9941009372471,12
382,India,1492.8029066421054,2035,1464.559440609312,12
383,India,1888.2114311012149,2049,1859.967965068421,12
384,India,1690.50716887166,2042,1662.2637028388665,12
385,Japan,1137.6684953650472,2021,1124.8532560360998,12
386,Russia,919.0,2017,910.0,12
387,India,1323.3421104453444,2029,1295.0986444125508,12
388,India,1238.6117123469637,2026,1210.3682463141702,12
389,India,1464.559440609312,2034,1436.3159745765183,12
390,India,1266.8551783797573,2027,1238.6117123469637,12
391,Japan,1150.4837346939944,2022,1137.6684953650472,12
392,India,1521.046372674899,2036,1492.8029066421054,12
393,India,1295.0986444125508,2028,1266.8551783797573,12
394,India,1210.3682463141702,2025,1182.1247802813766,12
395,India,1351.585576478138,2030,1323.3421104453444,12
396,India,1549.2898387076923,2037,1521.046372674899,12
397,Japan,1163.2989740229418,2023,1150.4837346939944,12
398,India,1662.2637028388665,2041,1634.020236806073,12
399,Japan,940.0,2018,949.0,12
400,India,1634.020236806073,2040,1605.7767707732796,12
401,India,1408.0725085437248,2032,1379.8290425109312,12
402,India,1831.724499035628,2047,1803.4810330028345,12
403,Japan,1124.8532560360998,2019,940.0,12
404,India,1803.4810330028345,2046,1775.2375669700407,12
405,Japan,1124.8532560360998,2020,1124.8532560360998,12
406,India,1379.8290425109312,2031,1351.585576478138,12
407,India,1605.7767707732796,2039,1577.533304740486,12
408,Japan,1419.6037606018892,2043,1406.7885212729418,13
409,Japan,1496.4951965755731,2049,1483.679957246626,13
410,Japan,1329.8970852992577,2036,1317.0818459703105,13
411,Canada,553.0,2017,551.0,13
412,Japan,1214.5599313387313,2027,1201.744692009784,13
413,Japan,1227.3751706676787,2028,1214.5599313387313,13
414,Japan,1278.6361279834682,2032,1265.8208886545208,13
415,Japan,1201.744692009784,2026,1188.929452680837,13
416,India,1097.3943821829962,2021,1069.1509161502026,13
417,Japan,1483.679957246626,2048,1470.8647179176787,13
418,Canada,551.0,2016,0.0,13
419,Japan,1355.5275639571523,2038,1342.712324628205,13
420,Japan,1317.0818459703105,2035,1304.2666066413628,13
421,India,1125.6378482157895,2022,1097.3943821829962,13
422,Japan,1265.8208886545208,2031,1253.0056493255734,13
423,India,1069.1509161502026,2019,1277.0,13
424,Japan,1470.8647179176787,2047,1458.0494785887313,13
425,Japan,1368.3428032860998,2039,1355.5275639571523,13
426,Japan,1342.712324628205,2037,1329.8970852992577,13
427,India,1153.881314248583,2023,1125.6378482157895,13
428,Japan,1304.2666066413628,2034,1291.4513673124156,13
429,Japan,1381.1580426150472,2040,1368.3428032860998,13
430,Japan,1458.0494785887313,2046,1445.234239259784,13
431,Japan,1253.0056493255734,2030,1240.190409996626,13
432,Japan,1406.7885212729418,2042,1393.9732819439946,13
433,Japan,1176.1142133518892,2024,1163.2989740229418,13
434,Japan,1432.4189999308364,2044,1419.6037606018892,13
435,Japan,1291.4513673124156,2033,1278.6361279834682,13
436,Japan,1240.190409996626,2029,1227.3751706676787,13
437,Japan,1393.9732819439946,2041,1381.1580426150472,13
438,Japan,1188.929452680837,2025,1176.1142133518892,13
439,Russia,929.0,2018,919.0,13
440,Japan,1445.234239259784,2045,1432.4189999308364,13
441,India,1069.1509161502026,2020,1069.1509161502026,13
442,Germany,945.8408480080972,2032,928.5581237327935,14
443,Germany,1101.3853664858302,2041,1084.1026422105267,14
444,Germany,1049.5371936599192,2038,1032.2544693846155,14
445,Germany,1239.6471606882594,2049,1222.3644364129557,14
446,Germany,963.123572283401,2033,945.8408480080972,14
447,Germany,1084.1026422105267,2040,1066.819917935223,14
448,Germany,1066.819917935223,2039,1049.5371936599192,14
449,Germany,1032.2544693846155,2037,1014.971745109312,14
450,Germany,893.9926751821864,2029,876.7099509068827,14
451,Germany,911.27539945749,2030,893.9926751821864,14
452,Germany,876.7099509068827,2028,859.4272266315791,14
453,Germany,738.4481567044536,2019,533.0,14
454,Germany,928.5581237327935,2031,911.27539945749,14
455,Germany,1118.668090761134,2042,1101.3853664858302,14
456,Germany,539.0,2017,538.0,14
457,Germany,1187.7989878623484,2046,1170.516263587045,14
458,Germany,1170.516263587045,2045,1153.2335393117412,14
459,Germany,738.4481567044536,2020,738.4481567044536,14
460,Germany,824.8617780809718,2025,807.5790538056682,14
461,Germany,807.5790538056682,2024,790.2963295303645,14
462,Germany,997.6890208340084,2035,980.4062965587046,14
463,Germany,1153.2335393117412,2044,1135.9508150364377,14
464,Germany,773.0136052550608,2022,755.7308809797572,14
465,Germany,842.1445023562754,2026,824.8617780809718,14
466,Germany,538.0,2016,0.0,14
467,Germany,1222.3644364129557,2048,1205.0817121376522,14
468,Germany,1014.971745109312,2036,997.6890208340084,14
469,Germany,980.4062965587046,2034,963.123572283401,14
470,Germany,1135.9508150364377,2043,1118.668090761134,14
471,Germany,859.4272266315791,2027,842.1445023562754,14
472,Canada,559.0,2018,553.0,14
473,Germany,790.2963295303645,2023,773.0136052550608,14
474,Germany,755.7308809797572,2021,738.4481567044536,14
475,Germany,1205.0817121376522,2047,1187.7989878623484,14
476,South Korea,721.621395134413,2030,706.6057472591093,15
477,South Korea,676.574451508502,2027,661.5588036331983,15
478,South Korea,931.840465388664,2044,916.8248175133602,15
479,South Korea,871.7778738874493,2040,856.7622260121457,15
480,South Korea,841.7465781368421,2038,826.7309302615384,15
481,South Korea,796.6996345109311,2035,781.6839866356274,15
482,Canada,614.4364804816856,2020,614.4364804816856,15
483,South Korea,1006.9187047651822,2049,991.9030568898784,15
484,South Korea,886.793521762753,2041,871.7778738874493,15
485,South Korea,751.6526908850202,2032,736.6370430097165,15
486,Canada,640.6206468147423,2024,634.0746052314781,15
487,Canada,647.1666883980065,2025,640.6206468147423,15
488,Canada,620.9825220649498,2021,614.4364804816856,15
489,South Korea,736.6370430097165,2031,721.621395134413,15
490,South Korea,706.6057472591093,2029,691.5900993838056,15
491,South Korea,946.8561132639676,2045,931.840465388664,15
492,South Korea,535.0,2018,512.0,15
493,South Korea,766.6683387603239,2033,751.6526908850202,15
494,Brazil,510.0,2016,0.0,15
495,South Korea,826.7309302615384,2037,811.7152823862348,15
496,Canada,634.0746052314781,2023,627.528563648214,15
497,South Korea,991.9030568898784,2048,976.8874090145748,15
498,South Korea,961.8717611392711,2046,946.8561132639676,15
499,Brazil,517.0,2017,510.0,15
500,South Korea,781.6839866356274,2034,766.6683387603239,15
501,South Korea,901.8091696380566,2042,886.793521762753,15
502,Canada,614.4364804816856,2019,559.0,15
503,South Korea,916.8248175133602,2043,901.8091696380566,15
504,South Korea,976.8874090145748,2047,961.8717611392711,15
505,Canada,627.528563648214,2022,620.9825220649498,15
506,South Korea,661.5588036331983,2026,646.5431557578947,15
507,South Korea,856.7622260121457,2039,841.7465781368421,15
508,South Korea,691.5900993838056,2028,676.574451508502,15
509,South Korea,811.7152823862348,2036,796.6996345109311,15
510,Canada,686.4429378975915,2031,679.8968963143273,16
511,Brazil,766.2350790337382,2039,755.0085169066126,16
512,Germany,533.0,2018,539.0,16
513,Canada,679.8968963143273,2030,673.3508547310631,16
514,Canada,673.3508547310631,2029,666.804813147799,16
515,South Korea,616.5118600072874,2023,601.4962121319838,16
516,Brazil,721.3288305252362,2035,710.1022683981106,16
517,Brazil,743.7819547794871,2037,732.5553926523617,16
518,Brazil,710.1022683981106,2034,698.8757062709851,16
519,South Korea,631.5275078825911,2024,616.5118600072874,16
520,South Korea,571.4649163813765,2020,571.4649163813765,16
521,Brazil,878.5007003049932,2049,867.2741381778677,16
522,South Korea,509.0,2016,0.0,16
523,Brazil,777.4616411608637,2040,766.2350790337382,16
524,South Korea,571.4649163813765,2019,535.0,16
525,Brazil,856.0475760507422,2047,844.8210139236168,16
526,Brazil,844.8210139236168,2046,833.5944517964912,16
527,Brazil,833.5944517964912,2045,822.3678896693657,16
528,Brazil,788.6882032879892,2041,777.4616411608637,16
529,Canada,653.7127299812706,2026,647.1666883980065,16
530,Canada,666.804813147799,2028,660.2587715645348,16
531,Brazil,822.3678896693657,2044,811.1413275422402,16
532,Brazil,732.5553926523617,2036,721.3288305252362,16
533,Brazil,755.0085169066126,2038,743.7819547794871,16
534,South Korea,512.0,2017,509.0,16
535,Brazil,867.2741381778677,2048,856.0475760507422,16
536,Canada,692.9889794808555,2032,686.4429378975915,16
537,South Korea,646.5431557578947,2025,631.5275078825911,16
538,Brazil,811.1413275422402,2043,799.9147654151146,16
539,South Korea,601.4962121319838,2022,586.4805642566802,16
540,Brazil,799.9147654151146,2042,788.6882032879892,16
541,South Korea,586.4805642566802,2021,571.4649163813765,16
542,Canada,699.5350210641197,2033,692.9889794808555,16
543,Canada,660.2587715645348,2027,653.7127299812706,16
544,Brazil,665.1960198896086,2030,653.9694577624831,17
545,Canada,725.7191873971764,2037,719.1731458139122,17
546,Brazil,552.9303986183536,2019,529.0,17
547,Brazil,620.2897713811066,2026,609.0632092539811,17
548,Brazil,698.8757062709851,2033,687.6491441438596,17
549,Canada,719.1731458139122,2036,712.627104230648,17
550,Brazil,564.1569607454791,2021,552.9303986183536,17
551,Canada,758.4493953134972,2042,751.903353730233,17
552,Canada,706.0810626473839,2034,699.5350210641197,17
553,Canada,797.7256448130821,2048,791.179603229818,17
554,Brazil,586.6100849997301,2023,575.3835228726045,17
555,Canada,791.179603229818,2047,784.6335616465537,17
556,Canada,764.9954368967612,2043,758.4493953134972,17
557,France,458.0,2016,0.0,17
558,Canada,778.0875200632897,2045,771.5414784800255,17
559,Canada,712.627104230648,2035,706.0810626473839,17
560,Brazil,529.0,2018,517.0,17
561,Brazil,687.6491441438596,2032,676.4225820167342,17
562,Brazil,653.9694577624831,2029,642.7428956353576,17
563,DASH,480.1964805063533,2017,115.79861238970167,17
564,Brazil,575.3835228726045,2022,564.1569607454791,17
565,Brazil,597.8366471268556,2024,586.6100849997301,17
566,Brazil,609.0632092539811,2025,597.8366471268556,17
567,Canada,751.903353730233,2041,745.3573121469689,17
568,Brazil,676.4225820167342,2031,665.1960198896086,17
569,Canada,804.2716863963462,2049,797.7256448130821,17
570,Brazil,552.9303986183536,2020,552.9303986183536,17
571,Canada,732.2652289804405,2038,725.7191873971764,17
572,Canada,745.3573121469689,2040,738.8112705637047,17
573,Canada,771.5414784800255,2044,764.9954368967612,17
574,Brazil,642.7428956353576,2028,631.516333508232,17
575,Brazil,631.516333508232,2027,620.2897713811066,17
576,Canada,784.6335616465537,2046,778.0875200632897,17
577,Canada,738.8112705637047,2039,732.2652289804405,17
578,France,450.0,2018,455.0,18
579,France,585.843934363023,2031,579.4681946393388,18
580,France,687.8557699419703,2047,681.4800302182862,18
581,France,700.6072493893387,2049,694.2315096656546,18
582,France,592.2196740867072,2032,585.843934363023,18
583,France,522.0865371261809,2021,515.7107974024966,18
584,France,611.3468932577598,2035,604.9711535340756,18
585,France,694.2315096656546,2048,687.8557699419703,18
586,France,630.4741124288124,2038,624.0983727051282,18
587,France,528.462276849865,2022,522.0865371261809,18
588,Saudi Arabia,319.0,2016,0.0,18
589,France,636.8498521524966,2039,630.4741124288124,18
590,France,560.3409754682862,2027,553.9652357446018,18
591,France,455.0,2017,458.0,18
592,France,566.7167151919703,2028,560.3409754682862,18
593,France,515.7107974024966,2020,515.7107974024966,18
594,France,553.9652357446018,2026,547.5894960209177,18
595,France,668.7285507709178,2044,662.3528110472334,18
596,France,643.2255918761809,2040,636.8498521524966,18
597,France,547.5894960209177,2025,541.2137562972334,18
598,France,681.4800302182862,2046,675.1042904946019,18
599,France,617.722632981444,2036,611.3468932577598,18
600,France,662.3528110472334,2043,655.9770713235494,18
601,France,573.0924549156546,2029,566.7167151919703,18
602,France,541.2137562972334,2024,534.8380165735493,18
603,France,649.601331599865,2041,643.2255918761809,18
604,France,534.8380165735493,2023,528.462276849865,18
605,France,579.4681946393388,2030,573.0924549156546,18
606,France,655.9770713235494,2042,649.601331599865,18
607,France,604.9711535340756,2034,598.5954138103914,18
608,France,598.5954138103914,2033,592.2196740867072,18
609,France,675.1042904946019,2045,668.7285507709178,18
610,France,624.0983727051282,2037,617.722632981444,18
611,France,515.7107974024966,2019,450.0,18
612,Saudi Arabia,484.2323222469637,2044,476.430413991903,19
613,Saudi Arabia,437.4208727165993,2038,429.61896446153855,19
614,Italy,366.27697955802967,2025,361.9548486825236,19
615,Saudi Arabia,460.8265974817815,2041,453.0246892267208,19
616,Saudi Arabia,429.61896446153855,2037,421.8170562064778,19
617,Italy,370.59911043353566,2026,366.27697955802967,19
618,Saudi Arabia,476.430413991903,2043,468.6285057368422,19
619,Saudi Arabia,515.4399552672066,2048,507.6380470121459,19
620,U.K.,355.0784252170041,2021,352.699741434413,19
621,Saudi Arabia,468.6285057368422,2042,460.8265974817815,19
622,Italy,400.85402656207816,2033,396.5318956865721,19
623,Italy,374.92124130904176,2027,370.59911043353566,19
624,Italy,379.2433721845479,2028,374.92124130904176,19
625,Saudi Arabia,322.0,2018,323.0,19
626,Italy,396.5318956865721,2032,392.20976481106607,19
627,Saudi Arabia,523.2418635222673,2049,515.4399552672066,19
628,U.K.,310.0,2016,0.0,19
629,Saudi Arabia,406.2132396963564,2034,398.41133144129566,19
630,Italy,387.88763393556,2030,383.5655030600539,19
631,U.K.,359.8357927821863,2023,357.4571089995952,19
632,U.K.,352.699741434413,2019,307.0,19
633,Saudi Arabia,507.6380470121459,2047,499.8361387570851,19
634,Saudi Arabia,414.01514795141713,2035,406.2132396963564,19
635,Saudi Arabia,323.0,2017,319.0,19
636,U.K.,352.699741434413,2020,352.699741434413,19
637,Saudi Arabia,499.8361387570851,2046,492.0342305020244,19
638,U.K.,357.4571089995952,2022,355.0784252170041,19
639,Italy,383.5655030600539,2029,379.2433721845479,19
640,U.K.,362.2144765647773,2024,359.8357927821863,19
641,Italy,392.20976481106607,2031,387.88763393556,19
642,Saudi Arabia,445.22278097166,2039,437.4208727165993,19
643,Saudi Arabia,492.0342305020244,2045,484.2323222469637,19
644,Saudi Arabia,453.0246892267208,2040,445.22278097166,19
645,Saudi Arabia,421.8170562064778,2036,414.01514795141713,19
646,Italy,470.0081205701753,2049,465.6859896946693,20
647,Italy,418.14255006410247,2037,413.8204191885964,20
648,Italy,413.8204191885964,2036,409.4982883130904,20
649,Saudi Arabia,390.60942318623495,2032,382.8075149311742,20
650,Italy,409.4982883130904,2035,405.17615743758427,20
651,Saudi Arabia,398.41133144129566,2033,390.60942318623495,20
652,Italy,405.17615743758427,2034,400.85402656207816,20
653,U.K.,307.0,2018,307.0,20
654,Italy,422.46468093960857,2038,418.14255006410247,20
655,Italy,431.1089426906207,2040,426.7868118151146,20
656,Italy,344.66632518049926,2020,344.66632518049926,20
657,Italy,361.9548486825236,2024,357.63271780701746,20
658,U.K.,374.1078954777328,2029,371.72921169514177,20
659,Italy,344.66632518049926,2019,302.0,20
660,Italy,452.719597068151,2045,448.39746619264497,20
661,U.K.,376.486579260324,2030,374.1078954777328,20
662,U.K.,364.5931603473685,2025,362.2144765647773,20
663,Italy,435.4310735661268,2041,431.1089426906207,20
664,Italy,448.39746619264497,2044,444.0753353171389,20
665,U.K.,366.9718441299596,2026,364.5931603473685,20
666,U.K.,371.72921169514177,2028,369.35052791255066,20
667,Italy,439.7532044416328,2042,435.4310735661268,20
668,Italy,444.0753353171389,2043,439.7532044416328,20
669,U.K.,307.0,2017,310.0,20
670,Italy,357.63271780701746,2023,353.3105869315114,20
671,Italy,457.0417279436571,2046,452.719597068151,20
672,U.K.,369.35052791255066,2027,366.9718441299596,20
673,Italy,348.98845605600536,2021,344.66632518049926,20
674,Italy,294.0,2016,0.0,20
675,Italy,426.7868118151146,2039,422.46468093960857,20
676,Saudi Arabia,382.8075149311742,2031,375.0056066761135,20
677,Italy,461.3638588191632,2047,457.0417279436571,20
678,Italy,465.6859896946693,2048,461.3638588191632,20
679,Italy,353.3105869315114,2022,348.98845605600536,20
680,U.K.,390.7586819558705,2036,388.3799981732794,21
681,Taiwan,461.2582480782727,2049,454.9050325649124,21
682,Taiwan,423.1389549981107,2043,416.7857394847504,21
683,Saudi Arabia,304.78843238056686,2021,296.9865241255061,21
684,Saudi Arabia,343.7979736558705,2026,335.9960654008098,21
685,Taiwan,454.9050325649124,2048,448.551817051552,21
686,Taiwan,429.49217051147104,2044,423.1389549981107,21
687,Mexico,259.0,2016,0.0,21
688,Saudi Arabia,296.9865241255061,2020,296.9865241255061,21
689,Taiwan,448.551817051552,2047,442.19860153819167,21
690,Taiwan,435.8453860248314,2045,429.49217051147104,21
691,Saudi Arabia,328.19415714574905,2024,320.39224889068834,21
692,U.K.,388.3799981732794,2035,386.0013143906883,21
693,U.K.,383.6226306080972,2033,381.2439468255061,21
694,Taiwan,442.19860153819167,2046,435.8453860248314,21
695,Saudi Arabia,320.39224889068834,2023,312.5903406356276,21
696,U.K.,386.0013143906883,2034,383.6226306080972,21
697,Saudi Arabia,312.5903406356276,2022,304.78843238056686,21
698,Saudi Arabia,335.9960654008098,2025,328.19415714574905,21
699,Italy,302.0,2018,300.0,21
700,Saudi Arabia,351.5998819109313,2027,343.7979736558705,21
701,U.K.,393.1373657384616,2037,390.7586819558705,21
702,Saudi Arabia,296.9865241255061,2019,322.0,21
703,Taiwan,410.4325239713901,2041,404.07930845802974,21
704,Saudi Arabia,359.401790165992,2028,351.5998819109313,21
705,U.K.,397.89473330364376,2039,395.5160495210527,21
706,U.K.,378.8652630429151,2031,376.486579260324,21
707,U.K.,381.2439468255061,2032,378.8652630429151,21
708,Saudi Arabia,375.0056066761135,2030,367.2036984210527,21
709,Taiwan,416.7857394847504,2042,410.4325239713901,21
710,Taiwan,404.07930845802974,2040,397.7260929446694,21
711,Saudi Arabia,367.2036984210527,2029,359.401790165992,21
712,U.K.,395.5160495210527,2038,393.1373657384616,21
713,Italy,300.0,2017,294.0,21
714,Spain,284.17756804925784,2020,284.17756804925784,22
715,Taiwan,365.9600153778678,2034,359.6067998645075,22
716,Taiwan,372.3132308912281,2035,365.9600153778678,22
717,Spain,298.8811411039137,2023,293.97995008569507,22
718,Taiwan,340.5471533244265,2030,334.1939378110662,22
719,Taiwan,321.4875067843456,2027,315.1342912709852,22
720,Mexico,422.80769512968976,2046,417.15808060701767,22
721,Mexico,428.4573096523618,2047,422.80769512968976,22
722,Spain,293.97995008569507,2022,289.0787590674764,22
723,Taiwan,353.25358435114714,2032,346.9003688377868,22
724,Taiwan,346.9003688377868,2031,340.5471533244265,22
725,Mexico,434.1069241750339,2048,428.4573096523618,22
726,Spain,289.0787590674764,2021,284.17756804925784,22
727,Taiwan,391.3728774313091,2038,385.0196619179488,22
728,Mexico,271.0,2018,261.0,22
729,Taiwan,397.7260929446694,2039,391.3728774313091,22
730,Taiwan,385.0196619179488,2037,378.6664464045885,22
731,U.K.,400.2734170862349,2040,397.89473330364376,22
732,Mexico,261.0,2017,259.0,22
733,Taiwan,359.6067998645075,2033,353.25358435114714,22
734,Taiwan,334.1939378110662,2029,327.84072229770584,22
735,Spain,303.7823321221323,2024,298.8811411039137,22
736,Spain,240.0,2016,0.0,22
737,Taiwan,327.84072229770584,2028,321.4875067843456,22
738,Taiwan,378.6664464045885,2036,372.3132308912281,22
739,U.K.,405.0307846514171,2042,402.652100868826,22
740,U.K.,402.652100868826,2041,400.2734170862349,22
741,Mexico,417.15808060701767,2045,411.5084660843456,22
742,Taiwan,315.1342912709852,2026,308.7810757576249,22
743,Spain,284.17756804925784,2019,245.0,22
744,Mexico,439.75653869770593,2049,434.1069241750339,22
745,Mexico,411.5084660843456,2044,405.8588515616736,22
746,Taiwan,308.7810757576249,2025,302.42786024426454,22
747,U.K.,407.4094684340082,2043,405.0307846514171,22
748,Mexico,400.2092370390015,2042,394.5596225163295,23
749,Mexico,377.6107789483132,2038,371.9611644256412,23
750,Spain,421.4109165593793,2048,416.5097255411607,23
751,Mexico,394.5596225163295,2041,388.91000799365736,23
752,Mexico,371.9611644256412,2037,366.3115499029691,23
753,U.K.,409.78815221659926,2044,407.4094684340082,23
754,Mexico,388.91000799365736,2040,383.2603934709853,23
755,Mexico,366.3115499029691,2036,360.66193538029705,23
756,Mexico,360.66193538029705,2035,355.01232085762496,23
757,Mexico,383.2603934709853,2039,377.6107789483132,23
758,Iran,252.0,2017,236.0,23
759,U.K.,412.1668359991903,2045,409.78815221659926,23
760,Taiwan,237.0,2016,0.0,23
761,U.K.,414.5455197817814,2046,412.1668359991903,23
762,U.K.,416.9242035643725,2047,414.5455197817814,23
763,Mexico,405.8588515616736,2043,400.2092370390015,23
764,Mexico,343.7130918122808,2032,338.0634772896088,23
765,Turkey,258.0,2018,248.0,23
766,Taiwan,277.0149981908233,2019,247.0,23
767,Spain,328.28828721322543,2029,323.3870961950068,23
768,Taiwan,302.42786024426454,2024,296.07464473090425,23
769,Spain,338.0906692496627,2031,333.189478231444,23
770,Mexico,355.01232085762496,2034,349.3627063349529,23
771,Spain,313.5847141585696,2026,308.6835231403509,23
772,Taiwan,277.0149981908233,2020,277.0149981908233,23
773,Spain,333.189478231444,2030,328.28828721322543,23
774,Taiwan,283.3682137041836,2021,277.0149981908233,23
775,Mexico,349.3627063349529,2033,343.7130918122808,23
776,Taiwan,289.7214292175439,2022,283.3682137041836,23
777,Spain,318.4859051767881,2027,313.5847141585696,23
778,Spain,308.6835231403509,2025,303.7823321221323,23
779,Spain,426.31210757759794,2049,421.4109165593793,23
780,Taiwan,296.07464473090425,2023,289.7214292175439,23
781,Spain,323.3870961950068,2028,318.4859051767881,23
782,Spain,387.10257943184894,2041,382.2013884136303,24
783,Spain,367.4978153589744,2037,362.5966243407558,24
784,Mexico,281.5673320628881,2021,275.917717540216,24
785,Spain,392.0037704500676,2042,387.10257943184894,24
786,Spain,372.3990063771931,2038,367.4978153589744,24
787,Spain,342.9918602678813,2032,338.0906692496627,24
788,Iran,255.0,2018,252.0,24
789,U.K.,419.3028873469637,2048,416.9242035643725,24
790,Mexico,287.2169465855601,2022,281.5673320628881,24
791,Mexico,321.1146337215925,2028,315.4650191989205,24
792,Mexico,275.917717540216,2020,275.917717540216,24
793,Mexico,309.8154046762484,2026,304.1657901535764,24
794,Spain,362.5966243407558,2036,357.6954333225372,24
795,Spain,347.89305128609993,2033,342.9918602678813,24
796,Spain,396.90496146828616,2043,392.0037704500676,24
797,Mexico,332.4138627669367,2030,326.76424824426465,24
798,Turkey,248.0,2017,231.0,24
799,Mexico,315.4650191989205,2027,309.8154046762484,24
800,Spain,401.8061524865048,2044,396.90496146828616,24
801,Mexico,292.86656110823225,2023,287.2169465855601,24
802,Spain,411.608534522942,2046,406.7073435047234,24
803,Mexico,304.1657901535764,2025,298.5161756309043,24
804,Spain,377.30019739541166,2039,372.3990063771931,24
805,Mexico,275.917717540216,2019,271.0,24
806,Spain,382.2013884136303,2040,377.30019739541166,24
807,Spain,406.7073435047234,2045,401.8061524865048,24
808,U.K.,421.6815711295548,2049,419.3028873469637,24
809,Spain,352.7942423043186,2034,347.89305128609993,24
810,Spain,357.6954333225372,2035,352.7942423043186,24
811,Mexico,338.0634772896088,2031,332.4138627669367,24
812,Mexico,298.5161756309043,2024,292.86656110823225,24
813,Iran,236.0,2016,0.0,24
814,Mexico,326.76424824426465,2029,321.1146337215925,24
815,Spain,416.5097255411607,2047,411.608534522942,24
816,Iran,346.18412062051294,2037,339.9227030711202,25
817,Iran,408.79829611444006,2047,402.53687856504735,25
818,Australia,290.84653891497976,2027,286.495960437247,25
819,Iran,396.2754610156546,2045,390.0140434662619,25
820,Iran,314.8770328735493,2032,308.61561532415664,25
821,Australia,260.3924895708502,2019,234.0,25
822,Iran,371.22979081808376,2041,364.96837326869104,25
823,Australia,295.1971173927126,2028,290.84653891497976,25
824,Australia,277.7948034817814,2024,273.4442250040486,25
825,Iran,352.4455381699056,2038,346.18412062051294,25
826,Turkey,231.0,2016,0.0,25
827,Australia,260.3924895708502,2020,260.3924895708502,25
828,Iran,308.61561532415664,2031,302.3541977747639,25
829,Iran,364.96837326869104,2040,358.7069557192983,25
830,Australia,299.5476958704453,2029,295.1971173927126,25
831,Iran,358.7069557192983,2039,352.4455381699056,25
832,Iran,402.53687856504735,2046,396.2754610156546,25
833,Australia,273.4442250040486,2023,269.0936465263158,25
834,Australia,303.8982743481781,2030,299.5476958704453,25
835,Spain,245.0,2017,240.0,25
836,Australia,269.0936465263158,2022,264.743068048583,25
837,Iran,377.4912083674765,2042,371.22979081808376,25
838,Iran,421.3211312132255,2049,415.0597136638328,25
839,Australia,264.743068048583,2021,260.3924895708502,25
840,Australia,286.495960437247,2026,282.14538195951417,25
841,Indonesia,249.0,2018,221.0,25
842,Iran,415.0597136638328,2048,408.79829611444006,25
843,Iran,321.13845042294207,2033,314.8770328735493,25
844,Australia,282.14538195951417,2025,277.7948034817814,25
845,Iran,383.7526259168692,2043,377.4912083674765,25
846,Iran,327.3998679723348,2034,321.13845042294207,25
847,Iran,339.9227030711202,2036,333.6612855217275,25
848,Iran,333.6612855217275,2035,327.3998679723348,25
849,Iran,390.0140434662619,2044,383.7526259168692,25
850,Turkey,392.4484649685561,2046,386.3723518928476,26
851,Turkey,404.60069111997313,2048,398.5245780442646,26
852,Turkey,398.5245780442646,2047,392.4484649685561,26
853,Iran,283.56994512658576,2027,277.30852757719305,26
854,Iran,258.5242749290149,2023,252.2628573796222,26
855,Australia,316.95000978137654,2033,312.5994313036437,26
856,South Africa,240.19806636774632,2020,240.19806636774632,26
857,Iran,252.2628573796222,2022,246.0014398302295,26
858,Taiwan,247.0,2018,242.0,26
859,Turkey,410.67680419568165,2049,404.60069111997313,26
860,Australia,227.0,2016,0.0,26
861,South Africa,240.19806636774632,2019,207.0,26
862,Iran,277.30852757719305,2026,271.0471100278004,26
863,Taiwan,242.0,2017,237.0,26
864,Iran,289.8313626759785,2028,283.56994512658576,26
865,Turkey,343.8395603628881,2038,337.7634472871796,26
866,Turkey,368.1440126657221,2042,362.0678995900136,26
867,Australia,308.24885282591094,2031,303.8982743481781,26
868,Turkey,362.0678995900136,2041,355.9917865143051,26
869,Turkey,374.2201257414306,2043,368.1440126657221,26
870,Iran,271.0471100278004,2025,264.78569247840767,26
871,Australia,312.5994313036437,2032,308.24885282591094,26
872,Iran,246.0014398302295,2021,239.7400222808368,26
873,Iran,264.78569247840767,2024,258.5242749290149,26
874,Iran,296.0927802253712,2029,289.8313626759785,26
875,Turkey,349.91567343859657,2039,343.8395603628881,26
876,Turkey,380.2962388171391,2044,374.2201257414306,26
877,Turkey,337.7634472871796,2037,331.68733421147107,26
878,Turkey,331.68733421147107,2036,325.6112211357626,26
879,Australia,325.65116673684213,2035,321.3005882591093,26
880,Turkey,355.9917865143051,2040,349.91567343859657,26
881,Turkey,386.3723518928476,2045,380.2962388171391,26
882,Iran,302.3541977747639,2030,296.0927802253712,26
883,Australia,321.3005882591093,2034,316.95000978137654,26
884,Turkey,325.6112211357626,2035,319.5351080600541,27
885,Australia,338.7029021700405,2038,334.3523236923077,27
886,Australia,343.0534806477733,2039,338.7029021700405,27
887,Turkey,252.6978642272605,2023,246.621751151552,27
888,Turkey,295.23065575722006,2030,289.15454268151154,27
889,Indonesia,213.0,2016,0.0,27
890,Turkey,319.5351080600541,2034,313.4589949843456,27
891,Spain,245.0,2018,245.0,27
892,Australia,373.50752999190286,2046,369.15695151417,27
893,Australia,231.0,2017,227.0,27
894,Turkey,264.8500903786776,2025,258.77397730296906,27
895,Australia,347.4040591255061,2040,343.0534806477733,27
896,Australia,382.2086869473685,2048,377.8581084696356,27
897,Australia,364.80637303643726,2044,360.4557945587045,27
898,Australia,360.4557945587045,2043,356.1052160809717,27
899,Turkey,289.15454268151154,2029,283.0784296058031,27
900,Turkey,301.3067688329286,2031,295.23065575722006,27
901,Australia,356.1052160809717,2042,351.7546376032389,27
902,Australia,334.3523236923077,2037,330.0017452145749,27
903,Australia,330.0017452145749,2036,325.65116673684213,27
904,Turkey,307.3828819086371,2032,301.3067688329286,27
905,Iran,239.7400222808368,2019,255.0,27
906,Australia,369.15695151417,2045,364.80637303643726,27
907,Australia,386.5592654251012,2049,382.2086869473685,27
908,Australia,351.7546376032389,2041,347.4040591255061,27
909,Australia,377.8581084696356,2047,373.50752999190286,27
910,Iran,239.7400222808368,2020,239.7400222808368,27
911,Turkey,313.4589949843456,2033,307.3828819086371,27
912,Turkey,258.77397730296906,2024,252.6978642272605,27
913,Turkey,277.00231653009456,2027,270.92620345438604,27
914,Turkey,270.92620345438604,2026,264.8500903786776,27
915,Turkey,283.0784296058031,2028,277.00231653009456,27
916,South Africa,243.49227405802972,2021,240.19806636774632,27
917,South Africa,246.7864817483132,2022,243.49227405802972,27
918,Turkey,234.469525000135,2020,234.469525000135,28
919,South Africa,256.6691048191633,2025,253.37489712888,28
920,Indonesia,333.11080944885293,2042,327.4595261354926,28
921,South Africa,273.1401432705804,2030,269.8459355802969,28
922,South Africa,279.7285586511472,2032,276.4343509608637,28
923,Indonesia,221.0,2017,213.0,28
924,Indonesia,344.4133760755736,2044,338.7620927622133,28
925,South Africa,206.0,2016,0.0,28
926,Indonesia,316.156959508772,2039,310.50567619541164,28
927,South Africa,269.8459355802969,2029,266.5517278900136,28
928,South Africa,250.08068943859652,2023,246.7864817483132,28
929,Indonesia,287.90054294197034,2034,282.24925962861,28
930,South Africa,253.37489712888,2024,250.08068943859652,28
931,Turkey,240.54563807584356,2021,234.469525000135,28
932,South Africa,263.2575201997301,2027,259.9633125094468,28
933,Indonesia,372.6697926423752,2049,367.0185093290149,28
934,Indonesia,299.203109568691,2036,293.5518262553307,28
935,Turkey,234.469525000135,2019,258.0,28
936,South Africa,276.4343509608637,2031,273.1401432705804,28
937,South Africa,266.5517278900136,2028,263.2575201997301,28
938,Australia,234.0,2018,231.0,28
939,Indonesia,310.50567619541164,2038,304.8543928820513,28
940,South Africa,259.9633125094468,2026,256.6691048191633,28
941,Turkey,246.621751151552,2022,240.54563807584356,28
942,South Africa,283.0227663414305,2033,279.7285586511472,28
943,Indonesia,361.3672260156546,2047,355.7159427022942,28
944,Indonesia,367.0185093290149,2048,361.3672260156546,28
945,Indonesia,338.7620927622133,2043,333.11080944885293,28
946,Indonesia,327.4595261354926,2041,321.8082428221323,28
947,Indonesia,293.5518262553307,2035,287.90054294197034,28
948,Indonesia,355.7159427022942,2046,350.0646593889339,28
949,Indonesia,304.8543928820513,2037,299.203109568691,28
950,Indonesia,350.0646593889339,2045,344.4133760755736,28
951,Indonesia,321.8082428221323,2040,316.156959508772,28
952,BTC,352.02518985929214,2049,341.9866941740408,29
953,Indonesia,237.0389931217274,2025,231.38770980836708,29
954,Thailand,184.0,2016,0.0,29
955,South Africa,312.6706355539812,2042,309.3764278636978,29
956,Indonesia,231.38770980836708,2024,225.73642649500675,29
957,Indonesia,242.69027643508767,2026,237.0389931217274,29
958,South Africa,306.0822201734144,2040,302.788012483131,29
959,Indonesia,248.34155974844808,2027,242.69027643508767,29
960,South Africa,319.259050934548,2044,315.9648432442646,29
961,South Africa,322.5532586248314,2045,319.259050934548,29
962,Indonesia,208.78257655492575,2019,249.0,29
963,Indonesia,225.73642649500675,2023,220.08514318164643,29
964,Indonesia,259.6441263751687,2029,253.9928430618084,29
965,South Africa,309.3764278636978,2041,306.0822201734144,29
966,South Africa,315.9648432442646,2043,312.6706355539812,29
967,Indonesia,253.9928430618084,2028,248.34155974844808,29
968,South Africa,302.788012483131,2039,299.4938047928476,29
969,Indonesia,214.4338598682861,2021,208.78257655492575,29
970,South Africa,208.0,2017,206.0,29
971,Indonesia,282.24925962861,2033,276.5979763152497,29
972,Indonesia,276.5979763152497,2032,270.9466930018894,29
973,South Africa,299.4938047928476,2038,296.1995971025642,29
974,Vietnam,217.0,2018,178.0,29
975,BTC,341.9866941740408,2048,330.48742621464504,29
976,Indonesia,270.9466930018894,2031,265.29540968852905,29
977,South Africa,325.8474663151148,2046,322.5532586248314,29
978,BSV,330.48742621464504,2047,319.7332761048008,29
979,South Africa,289.6111817219973,2035,286.316974031714,29
980,South Africa,292.9053894122808,2036,289.6111817219973,29
981,Indonesia,220.08514318164643,2022,214.4338598682861,29
982,South Africa,296.1995971025642,2037,292.9053894122808,29
983,Indonesia,208.78257655492575,2020,208.78257655492575,29
984,South Africa,286.316974031714,2034,283.0227663414305,29
985,Indonesia,265.29540968852905,2030,259.6441263751687,29
986,Thailand,296.5415794925776,2042,291.6882823427801,30
987,Thailand,311.1014709419704,2045,306.2481737921728,30
988,BCH,352.02518985929214,2049,341.9866941740408,30
989,BTC,330.48742621464504,2047,319.7332761048008,30
990,Ukraine,211.16123106477733,2024,206.7604739052632,30
991,Ukraine,193.55820242672067,2020,193.55820242672067,30
992,BCH,341.9866941740408,2048,330.48742621464504,30
993,Ukraine,202.359716745749,2022,197.95895958623484,30
994,Thailand,243.1553108448044,2031,238.3020136950068,30
995,Ukraine,228.764259702834,2028,224.36350254331987,30
996,Thailand,267.42179659379224,2036,262.56849944399465,30
997,Ukraine,197.95895958623484,2021,193.55820242672067,30
998,Thailand,277.12839089338735,2038,272.2750937435898,30
999,Thailand,272.2750937435898,2037,267.42179659379224,30
1000,South Africa,207.0,2018,208.0,30
1001,Thailand,248.00860799460196,2032,243.1553108448044,30
1002,Ukraine,206.7604739052632,2023,202.359716745749,30
1003,Thailand,257.71520229419707,2034,252.8619051443995,30
1004,Thailand,306.2481737921728,2044,301.3948766423752,30
1005,Ukraine,193.55820242672067,2019,127.0,30
1006,Thailand,233.44871654520924,2029,228.59541939541165,30
1007,Thailand,281.98168804318493,2039,277.12839089338735,30
1008,Thailand,301.3948766423752,2043,296.5415794925776,30
1009,Vietnam,162.0,2016,0.0,30
1010,Thailand,238.3020136950068,2030,233.44871654520924,30
1011,BSV,319.7332761048008,2046,301.6021697870221,30
1012,Thailand,286.8349851929825,2040,281.98168804318493,30
1013,Thailand,252.8619051443995,2033,248.00860799460196,30
1014,Ukraine,219.9627453838057,2026,215.56198822429155,30
1015,Thailand,291.6882823427801,2041,286.8349851929825,30
1016,Ukraine,215.56198822429155,2025,211.16123106477733,30
1017,Thailand,184.0,2017,184.0,30
1018,Thailand,262.56849944399465,2035,257.71520229419707,30
1019,Ukraine,224.36350254331987,2027,219.9627453838057,30
1020,Thailand,189.76904219703107,2019,186.0,31
1021,BCH,330.48742621464504,2047,319.7332761048008,31
1022,Ukraine,246.3672883408907,2032,241.96653118137647,31
1023,Thailand,189.76904219703107,2020,189.76904219703107,31
1024,Thailand,186.0,2018,184.0,31
1025,Thailand,194.62233934682865,2021,189.76904219703107,31
1026,Ukraine,290.3748599360324,2042,285.97410277651824,31
1027,Thailand,209.18223079622135,2024,204.3289336464238,31
1028,Poland,149.0,2016,0.0,31
1029,Thailand,218.8888250958165,2026,214.03552794601893,31
1030,Ukraine,250.76804550040487,2033,246.3672883408907,31
1031,Ukraine,259.5695598194332,2035,255.16880265991904,31
1032,Ukraine,294.7756170955466,2043,290.3748599360324,31
1033,Ukraine,299.17637425506075,2044,294.7756170955466,31
1034,Ukraine,255.16880265991904,2034,250.76804550040487,31
1035,Thailand,223.74212224561407,2027,218.8888250958165,31
1036,Ukraine,263.9703169789474,2036,259.5695598194332,31
1037,BSV,341.9866941740408,2048,330.48742621464504,31
1038,Ukraine,272.7718312979757,2038,268.37107413846155,31
1039,Ukraine,281.57334561700407,2040,277.1725884574899,31
1040,Vietnam,178.0,2017,162.0,31
1041,BTC,319.7332761048008,2046,301.6021697870221,31
1042,Ukraine,241.96653118137647,2031,237.56577402186235,31
1043,Ukraine,237.56577402186235,2030,233.16501686234815,31
1044,Ukraine,233.16501686234815,2029,228.764259702834,31
1045,BSV,352.02518985929214,2049,341.9866941740408,31
1046,Thailand,228.59541939541165,2028,223.74212224561407,31
1047,Thailand,214.03552794601893,2025,209.18223079622135,31
1048,Ukraine,285.97410277651824,2041,281.57334561700407,31
1049,Ukraine,268.37107413846155,2037,263.9703169789474,31
1050,Thailand,204.3289336464238,2023,199.47563649662624,31
1051,Ukraine,277.1725884574899,2039,272.7718312979757,31
1052,Ukraine,303.5771314145749,2045,299.17637425506075,31
1053,Thailand,199.47563649662624,2022,194.62233934682865,31
1054,BTC,212.6992619684656,2036,201.3492346216381,32
1055,Poland,153.0,2017,149.0,32
1056,Egypt,162.15445072267212,2024,158.51416744453448,32
1057,Malaysia,137.0,2016,0.0,32
1058,South Africa,332.4358816956816,2048,329.1416740053982,32
1059,BTC,222.8869982662851,2037,212.6992619684656,32
1060,Egypt,165.7947340008098,2025,162.15445072267212,32
1061,BCH,255.86326025434735,2040,244.39529848597377,32
1062,BTC,233.64114837612945,2038,222.8869982662851,32
1063,BCH,319.7332761048008,2046,301.6021697870221,32
1064,Egypt,202.1975667821863,2035,198.55728350404863,32
1065,Egypt,183.99615039149805,2030,180.3558671133604,32
1066,BSV,287.44136235030936,2043,276.6872122404651,32
1067,BSV,299.02725854022924,2044,287.44136235030936,32
1068,Egypt,180.3558671133604,2029,176.71558383522276,32
1069,Egypt,158.51416744453448,2023,154.87388416639683,32
1070,Egypt,198.55728350404863,2034,194.917000225911,32
1071,Egypt,169.43501727894744,2026,165.7947340008098,32
1072,Egypt,194.917000225911,2033,191.27671694777337,32
1073,BTC,244.39529848597377,2039,233.64114837612945,32
1074,Poland,157.0,2018,153.0,32
1075,South Africa,335.730089385965,2049,332.4358816956816,32
1076,Egypt,173.0753005570851,2027,169.43501727894744,32
1077,Egypt,187.6364336696357,2031,183.99615039149805,32
1078,Egypt,147.59331761012152,2020,147.59331761012152,32
1079,Egypt,147.59331761012152,2019,151.0,32
1080,Egypt,191.27671694777337,2032,187.6364336696357,32
1081,Egypt,151.2336008882592,2021,147.59331761012152,32
1082,Egypt,154.87388416639683,2022,151.2336008882592,32
1083,BSV,276.6872122404651,2042,265.93306213062084,32
1084,BCH,265.93306213062084,2041,255.86326025434735,32
1085,BSV,301.6021697870221,2045,299.02725854022924,32
1086,South Africa,329.1416740053982,2047,325.8474663151148,32
1087,Egypt,176.71558383522276,2028,173.0753005570851,32
1088,Malaysia,175.6096463157895,2029,171.80793841295548,33
1089,Vietnam,196.1510527496626,2034,191.8782030593792,33
1090,Malaysia,179.4113542186235,2030,175.6096463157895,33
1091,Malaysia,168.00623051012147,2027,164.20452260728746,33
1092,BCH,244.39529848597377,2039,233.64114837612945,33
1093,Malaysia,160.40281470445345,2025,156.6011068016195,33
1094,Vietnam,187.60535336909575,2032,183.33250367881243,33
1095,BTC,287.44136235030936,2043,276.6872122404651,33
1096,BSV,265.93306213062084,2041,255.86326025434735,33
1097,BSV,201.3492346216381,2035,190.59508451179371,33
1098,BTC,299.02725854022924,2044,287.44136235030936,33
1099,BCH,222.8869982662851,2037,212.6992619684656,33
1100,Thailand,320.8080652415655,2047,315.954768091768,33
1101,BTC,276.6872122404651,2042,265.93306213062084,33
1102,Vietnam,183.33250367881243,2031,179.05965398852902,33
1103,Poland,145.7549429568151,2020,145.7549429568151,33
1104,BTC,301.6021697870221,2045,299.02725854022924,33
1105,Malaysia,156.6011068016195,2024,152.79939889878546,33
1106,Thailand,325.66136239136307,2048,320.8080652415655,33
1107,Poland,145.7549429568151,2019,157.0,33
1108,Malaysia,171.80793841295548,2028,168.00623051012147,33
1109,BCH,212.6992619684656,2036,201.3492346216381,33
1110,Thailand,315.954768091768,2046,311.1014709419704,33
1111,Malaysia,144.0,2017,137.0,33
1112,Malaysia,148.99769099595144,2022,145.19598309311743,33
1113,Poland,146.962483268556,2021,145.7549429568151,33
1114,Egypt,151.0,2018,143.0,33
1115,Malaysia,164.20452260728746,2026,160.40281470445345,33
1116,Thailand,330.51465954116065,2049,325.66136239136307,33
1117,Malaysia,152.79939889878546,2023,148.99769099595144,33
1118,BSV,255.86326025434735,2040,244.39529848597377,33
1119,Vietnam,191.8782030593792,2033,187.60535336909575,33
1120,Ukraine,133.0,2016,0.0,33
1121,BCH,233.64114837612945,2038,222.8869982662851,33
1122,Ukraine,316.77940289311744,2048,312.37864573360326,34
1123,Sweden,141.73976595276653,2020,141.73976595276653,34
1124,Ukraine,312.37864573360326,2047,307.9778885740891,34
1125,Vietnam,153.42255584682863,2024,149.14970615654522,34
1126,Malaysia,145.19598309311743,2021,141.39427519028342,34
1127,Poland,148.1700235802969,2022,146.962483268556,34
1128,BCH,301.6021697870221,2045,299.02725854022924,34
1129,Ukraine,307.9778885740891,2046,303.5771314145749,34
1130,Poland,149.3775638920378,2023,148.1700235802969,34
1131,BCH,299.02725854022924,2044,287.44136235030936,34
1132,Vietnam,157.69540553711198,2025,153.42255584682863,34
1133,Ukraine,321.1801600526316,2049,316.77940289311744,34
1134,BSV,222.8869982662851,2037,212.6992619684656,34
1135,Malaysia,147.0,2018,144.0,34
1136,BSV,212.6992619684656,2036,201.3492346216381,34
1137,Malaysia,190.81647792712556,2033,187.01477002429152,34
1138,BCH,276.6872122404651,2042,265.93306213062084,34
1139,BSV,244.39529848597377,2039,233.64114837612945,34
1140,Vietnam,166.2411049176788,2027,161.9682552273954,34
1141,Vietnam,179.05965398852902,2030,174.7868042982456,34
1142,Vietnam,174.7868042982456,2029,170.5139546079622,34
1143,Vietnam,161.9682552273954,2026,157.69540553711198,34
1144,BCH,287.44136235030936,2043,276.6872122404651,34
1145,Sweden,141.73976595276653,2019,130.0,34
1146,BTC,201.3492346216381,2035,190.59508451179371,34
1147,Malaysia,194.61818582995957,2034,190.81647792712556,34
1148,BTC,255.86326025434735,2040,244.39529848597377,34
1149,Sweden,133.0,2016,0.0,34
1150,Malaysia,187.01477002429152,2032,183.2130621214575,34
1151,Egypt,143.0,2017,131.0,34
1152,BTC,265.93306213062084,2041,255.86326025434735,34
1153,Malaysia,183.2130621214575,2031,179.4113542186235,34
1154,Vietnam,170.5139546079622,2028,166.2411049176788,34
1155,BSV,233.64114837612945,2038,222.8869982662851,34
1156,Sweden,142.4394085317139,2021,141.73976595276653,35
1157,BSV,169.5352636825838,2032,158.30317075730238,35
1158,Sweden,132.0,2017,133.0,35
1159,Vietnam,230.3338502719298,2042,226.0610005816464,35
1160,Vietnam,251.69809872334685,2047,247.42524903306344,35
1161,Vietnam,226.0610005816464,2041,221.78815089136305,35
1162,Vietnam,149.14970615654522,2023,144.8768564662618,35
1163,Argentina,156.57745543252364,2028,153.72970581106614,35
1164,Poland,154.20772513900135,2027,153.00018482726043,35
1165,Argentina,159.42520505398113,2029,156.57745543252364,35
1166,Sweden,130.0,2018,132.0,35
1167,Vietnam,221.78815089136305,2040,217.5153012010796,35
1168,Vietnam,243.15239934278003,2045,238.87954965249665,35
1169,Poland,150.58510420377868,2024,149.3775638920378,35
1170,Malaysia,141.39427519028342,2019,147.0,35
1171,Poland,151.79264451551958,2025,150.58510420377868,35
1172,Egypt,131.0,2016,0.0,35
1173,BSV,190.59508451179371,2034,179.84093440194945,35
1174,Argentina,165.1207042968961,2031,162.27295467543863,35
1175,Vietnam,234.6066999622132,2043,230.3338502719298,35
1176,Vietnam,238.87954965249665,2044,234.6066999622132,35
1177,Vietnam,260.2437981039136,2049,255.9709484136302,35
1178,BCH,201.3492346216381,2035,190.59508451179371,35
1179,Vietnam,255.9709484136302,2048,251.69809872334685,35
1180,Argentina,162.27295467543863,2030,159.42520505398113,35
1181,Vietnam,217.5153012010796,2039,213.24245151079623,35
1182,Malaysia,141.39427519028342,2020,141.39427519028342,35
1183,Vietnam,213.24245151079623,2038,208.9696018205128,35
1184,BSV,179.84093440194945,2033,169.5352636825838,35
1185,Vietnam,144.8768564662618,2022,140.6040067759784,35
1186,Egypt,209.4781333384616,2037,205.837850060324,35
1187,Egypt,205.837850060324,2036,202.1975667821863,35
1188,Poland,153.00018482726043,2026,151.79264451551958,35
1189,Vietnam,247.42524903306344,2046,243.15239934278003,35
1190,Egypt,220.39898317287455,2040,216.7586998947369,36
1191,Egypt,242.2406828417005,2046,238.60039956356283,36
1192,Vietnam,208.9696018205128,2037,204.6967521302294,36
1193,Poland,159.03788638596492,2031,157.83034607422402,36
1194,Argentina,125.0,2017,128.0,36
1195,Sweden,143.83869368960865,2023,143.13905111066128,36
1196,Poland,157.83034607422402,2030,156.62280576248315,36
1197,Egypt,216.7586998947369,2039,213.1184166165993,36
1198,Poland,156.62280576248315,2029,155.41526545074225,36
1199,Egypt,253.16153267611344,2049,249.5212493979758,36
1200,Sweden,143.13905111066128,2022,142.4394085317139,36
1201,Argentina,148.03420656815118,2025,145.18645694669368,36
1202,BCH,169.5352636825838,2032,158.30317075730238,36
1203,Ukraine,127.0,2018,124.0,36
1204,Vietnam,136.331157085695,2020,136.331157085695,36
1205,Argentina,128.0,2016,0.0,36
1206,Egypt,249.5212493979758,2048,245.88096611983812,36
1207,BCH,190.59508451179371,2034,179.84093440194945,36
1208,Egypt,231.31983300728757,2043,227.67954972914987,36
1209,Egypt,234.9601162854252,2044,231.31983300728757,36
1210,Vietnam,200.423902439946,2035,196.1510527496626,36
1211,Argentina,150.88195618960864,2026,148.03420656815118,36
1212,BCH,179.84093440194945,2033,169.5352636825838,36
1213,Vietnam,136.331157085695,2019,217.0,36
1214,Argentina,145.18645694669368,2024,142.3387073252362,36
1215,Vietnam,140.6040067759784,2021,136.331157085695,36
1216,Vietnam,204.6967521302294,2036,200.423902439946,36
1217,Argentina,153.72970581106614,2027,150.88195618960864,36
1218,Poland,155.41526545074225,2028,154.20772513900135,36
1219,Egypt,238.60039956356283,2045,234.9601162854252,36
1220,Egypt,227.67954972914987,2042,224.03926645101225,36
1221,Egypt,245.88096611983812,2047,242.2406828417005,36
1222,Egypt,213.1184166165993,2038,209.4781333384616,36
1223,Egypt,224.03926645101225,2041,220.39898317287455,36
1224,BTC,179.84093440194945,2033,169.5352636825838,37
1225,Malaysia,244.04038856680165,2047,240.23868066396764,37
1226,Malaysia,198.41989373279355,2035,194.61818582995957,37
1227,Norway,126.0,2018,123.0,37
1228,Malaysia,202.2216016356276,2036,198.41989373279355,37
1229,Ukraine,124.0,2017,133.0,37
1230,Malaysia,251.64380437246967,2049,247.84209646963564,37
1231,Argentina,139.4909577037787,2022,136.64320808232122,37
1232,BTC,190.59508451179371,2034,179.84093440194945,37
1233,BSV,158.30317075730238,2031,147.5490206474581,37
1234,Malaysia,206.0233095384616,2037,202.2216016356276,37
1235,Malaysia,247.84209646963564,2048,244.04038856680165,37
1236,Argentina,136.64320808232122,2021,133.7954584608637,37
1237,Argentina,133.7954584608637,2020,133.7954584608637,37
1238,BTC,169.5352636825838,2032,158.30317075730238,37
1239,Malaysia,209.8250174412956,2038,206.0233095384616,37
1240,Sweden,148.73619174224024,2030,148.03654916329285,37
1241,Sweden,147.33690658434548,2028,146.63726400539812,37
1242,Argentina,142.3387073252362,2023,139.4909577037787,37
1243,Sweden,148.03654916329285,2029,147.33690658434548,37
1244,Sweden,145.93762142645073,2026,145.23797884750337,37
1245,Malaysia,228.8335569554656,2043,225.0318490526316,37
1246,Sweden,146.63726400539812,2027,145.93762142645073,37
1247,Malaysia,225.0318490526316,2042,221.2301411497976,37
1248,Norway,122.0,2016,0.0,37
1249,Malaysia,217.4284332469636,2040,213.6267253441296,37
1250,Sweden,144.538336268556,2024,143.83869368960865,37
1251,Argentina,133.7954584608637,2019,125.0,37
1252,Sweden,145.23797884750337,2025,144.538336268556,37
1253,Malaysia,221.2301411497976,2041,217.4284332469636,37
1254,Malaysia,240.23868066396764,2046,236.43697276113363,37
1255,Malaysia,236.43697276113363,2045,232.6352648582996,37
1256,Malaysia,213.6267253441296,2039,209.8250174412956,37
1257,Malaysia,232.6352648582996,2044,228.8335569554656,37
1258,Argentina,210.68469824021597,2047,207.83694861875847,38
1259,Argentina,199.293699754386,2043,196.4459501329285,38
1260,Argentina,193.59820051147105,2041,190.75045089001352,38
1261,Argentina,167.9684539183536,2032,165.1207042968961,38
1262,Argentina,202.14144937584348,2044,199.293699754386,38
1263,Netherlands,136.8153262237517,2027,135.1541809840756,38
1264,Norway,129.3597616288799,2021,128.25932974831312,38
1265,Argentina,196.4459501329285,2042,193.59820051147105,38
1266,Argentina,176.51170278272608,2035,173.66395316126858,38
1267,Argentina,179.35945240418357,2036,176.51170278272608,38
1268,Norway,132.6610572705803,2024,131.5606253900135,38
1269,Argentina,216.38019748313093,2049,213.53244786167343,38
1270,Netherlands,135.1541809840756,2026,133.4930357443995,38
1271,Argentina,185.05495164709853,2038,182.20720202564104,38
1272,Argentina,204.98919899730095,2045,202.14144937584348,38
1273,Argentina,170.81620353981108,2033,167.9684539183536,38
1274,Netherlands,138.4764714634278,2028,136.8153262237517,38
1275,Norway,133.76148915114712,2025,132.6610572705803,38
1276,Norway,130.4601935094467,2022,129.3597616288799,38
1277,BTC,158.30317075730238,2031,147.5490206474581,38
1278,Norway,128.25932974831312,2019,126.0,38
1279,Netherlands,140.13761670310393,2029,138.4764714634278,38
1280,Argentina,213.53244786167343,2048,210.68469824021597,38
1281,Norway,131.5606253900135,2023,130.4601935094467,38
1282,Argentina,187.90270126855603,2039,185.05495164709853,38
1283,Norway,123.0,2017,122.0,38
1284,Argentina,125.0,2018,125.0,38
1285,DASH,115.79861238970167,2016,0.0,38
1286,Argentina,182.20720202564104,2037,179.35945240418357,38
1287,Argentina,190.75045089001352,2040,187.90270126855603,38
1288,Argentina,173.66395316126858,2034,170.81620353981108,38
1289,Argentina,207.83694861875847,2046,204.98919899730095,38
1290,Norway,128.25932974831312,2020,128.25932974831312,38
1291,BSV,147.5490206474581,2030,136.79487053761378,38
1292,Poland,161.4529670094467,2033,160.24542669770582,39
1293,Poland,163.8680476329285,2035,162.6605073211876,39
1294,United Arab Emirates,198.47620797300948,2048,195.347841802969,39
1295,United Arab Emirates,185.96274329284756,2044,182.83437712280704,39
1296,Poland,162.6605073211876,2034,161.4529670094467,39
1297,Netherlands,125.18730954601892,2019,112.0,39
1298,United Arab Emirates,182.83437712280704,2043,179.70601095276655,39
1299,United Arab Emirates,114.0,2016,0.0,39
1300,Netherlands,133.4930357443995,2025,131.83189050472336,39
1301,United Arab Emirates,192.2194756329285,2046,189.09110946288803,39
1302,United Arab Emirates,201.60457414305,2049,198.47620797300948,39
1303,Netherlands,131.83189050472336,2024,130.17074526504723,39
1304,Poland,167.49066856815116,2038,166.2831282564103,39
1305,Netherlands,128.50960002537113,2022,126.84845478569504,39
1306,BTC,147.5490206474581,2030,136.79487053761378,39
1307,United Arab Emirates,170.3209124426451,2039,167.19254627260463,39
1308,United Arab Emirates,139.03725074224025,2029,135.90888457219975,39
1309,BCH,158.30317075730238,2031,147.5490206474581,39
1310,Pakistan,121.0,2018,106.0,39
1311,United Arab Emirates,118.0,2017,114.0,39
1312,Netherlands,130.17074526504723,2023,128.50960002537113,39
1313,Norway,134.8619210317139,2026,133.76148915114712,39
1314,Poland,166.2831282564103,2037,165.0755879446694,39
1315,Norway,137.0627847928475,2028,135.96235291228072,39
1316,United Arab Emirates,189.09110946288803,2045,185.96274329284756,39
1317,United Arab Emirates,195.347841802969,2047,192.2194756329285,39
1318,United Arab Emirates,176.57764478272608,2041,173.4492786126856,39
1319,Netherlands,125.18730954601892,2020,125.18730954601892,39
1320,Poland,160.24542669770582,2032,159.03788638596492,39
1321,Netherlands,126.84845478569504,2021,125.18730954601892,39
1322,United Arab Emirates,179.70601095276655,2042,176.57764478272608,39
1323,Poland,165.0755879446694,2036,163.8680476329285,39
1324,United Arab Emirates,173.4492786126856,2040,170.3209124426451,39
1325,Norway,135.96235291228072,2027,134.8619210317139,39
1326,Sweden,150.13547690013496,2032,149.4358343211876,40
1327,Poland,178.35853137381918,2047,177.15099106207828,40
1328,Netherlands,109.0,2016,0.0,40
1329,Netherlands,110.0,2017,109.0,40
1330,United Arab Emirates,119.0,2018,118.0,40
1331,United Arab Emirates,110.88195521187586,2019,119.0,40
1332,United Arab Emirates,110.88195521187586,2020,110.88195521187586,40
1333,United Arab Emirates,114.01032138191636,2021,110.88195521187586,40
1334,United Arab Emirates,117.13868755195683,2022,114.01032138191636,40
1335,United Arab Emirates,120.26705372199731,2023,117.13868755195683,40
1336,United Arab Emirates,123.3954198920378,2024,120.26705372199731,40
1337,United Arab Emirates,126.5237860620783,2025,123.3954198920378,40
1338,United Arab Emirates,129.65215223211877,2026,126.5237860620783,40
1339,United Arab Emirates,132.78051840215926,2027,129.65215223211877,40
1340,United Arab Emirates,135.90888457219975,2028,132.78051840215926,40
1341,Norway,138.16321667341433,2029,137.0627847928475,40
1342,Poland,179.56607168556008,2048,178.35853137381918,40
1343,BCH,147.5490206474581,2030,136.79487053761378,40
1344,United Arab Emirates,151.5507154224022,2033,148.4223492523617,40
1345,United Arab Emirates,154.67908159244266,2034,151.5507154224022,40
1346,United Arab Emirates,157.80744776248315,2035,154.67908159244266,40
1347,United Arab Emirates,160.93581393252364,2036,157.80744776248315,40
1348,United Arab Emirates,164.06418010256414,2037,160.93581393252364,40
1349,United Arab Emirates,167.19254627260463,2038,164.06418010256414,40
1350,Poland,168.69820887989204,2039,167.49066856815116,40
1351,Poland,169.90574919163294,2040,168.69820887989204,40
1352,Poland,171.11328950337384,2041,169.90574919163294,40
1353,Poland,172.3208298151147,2042,171.11328950337384,40
1354,Poland,173.52837012685563,2043,172.3208298151147,40
1355,Poland,174.7359104385965,2044,173.52837012685563,40
1356,Poland,175.94345075033738,2045,174.7359104385965,40
1357,Poland,177.15099106207828,2046,175.94345075033738,40
1358,Sweden,149.4358343211876,2031,148.73619174224024,40
1359,Poland,180.77361199730095,2049,179.56607168556008,40
