"World",21877,22486,23398,,,,,,,,,,,
,,,,,,,,,,,,,,
"country",2016,2017,2018,2019,2020,2021,2022,2023,2024,2025,2026,2027,2028,2029
"Afghanistan","5.5","5.8",6,,"4.042422562624832","4.150821133616735","4.259219704608638","4.367618275600541","4.476016846592444","4.584415417584347","4.692813988576249","4.801212559568152","4.909611130560055","5.018009701551958"
"Albania","5.7",5,"4.8",,"4.922643425101215","4.992642599190283","5.062641773279353","5.132640947368421","5.20264012145749","5.2726392955465595","5.342638469635627","5.412637643724697","5.482636817813765","5.552635991902834"
"Algeria",56,60,62,,"51.133249425776","52.42786190148449","53.722474377192995","55.0170868529015","56.311699328610004","57.60631180431851","58.90092428002701","60.1955367557355","61.49014923144401","62.78476170715251"
"American Samoa","0.2","0.2","0.2",,"0.18619528744939268","0.18915923886639674","0.19212319028340077","0.1950871417004048","0.19805109311740887","0.20101504453441293","0.20397899595141694","0.206942947368421","0.20990689878542507","0.21287085020242913"
"Angola",9,"9.5",10,,"7.210850947435899","7.421054458974361","7.631257970512824","7.841461482051285","8.051664993589746","8.261868505128207","8.472072016666669","8.68227552820513","8.892479039743593","9.102682551282054"
"Antigua and Barbuda","0.3","0.3","0.3",,"0.3300857447186236","0.3381512218663969","0.3462166990141702","0.35428217616194346","0.36234765330971674","0.37041313045749","0.3784786076052633","0.3865440847530366","0.39460956190080987","0.40267503904858315"
"Argentina",128,125,125,,"133.7954584608637","136.64320808232122","139.4909577037787","142.3387073252362","145.18645694669368","148.03420656815118","150.88195618960864","153.72970581106614","156.57745543252364","159.42520505398113"
"Armenia","5.3","5.6","5.4","5.7905171","6.571164147773281","6.738320663967613","6.905477180161945","7.072633696356277","7.239790212550609","7.406946728744941","7.574103244939273","7.741259761133605","7.9084162773279365","8.075572793522268"
"Aruba","0.8","0.9","0.9",,"1.0823327127783404","1.1080096758886642","1.1336866389989881","1.159363602109312","1.1850405652196359","1.2107175283299598","1.2363944914402836","1.2620714545506075","1.2877484176609315","1.3134253807712553"
"Australia",227,231,234,"241.020131","260.3924895708502","264.743068048583","269.0936465263158","273.4442250040486","277.7948034817814","282.14538195951417","286.495960437247","290.84653891497976","295.1971173927126","299.54769587044535"
"Austria",65,66,66,"66.848708","71.36264726491228","72.29687318839404","73.23109911187584","74.16532503535763","75.0995509588394","76.03377688232118","76.96800280580297","77.90222872928474","78.83645465276652","79.77068057624831"
"Azerbaijan",20,20,20,,"24.377433287449396","24.991138315789478","25.60484334412956","26.21854837246964","26.83225340080972","27.4459584291498","28.059663457489883","28.673368485829965","29.287073514170046","29.900778542510125"
"Bahrain",26,26,27,,"27.712092464237514","28.485492593792173","29.258892723346825","30.032292852901485","30.805692982456137","31.579093112010796","32.35249324156545","33.12589337112011","33.899293500674766","34.67269363022942"
"Bangladesh",62,66,71,,"52.8179824354251","54.377152631983805","55.936322828542515","57.49549302510121","59.05466322165992","60.61383341821862","62.17300361477733","63.732173811336025","65.29134400789474","66.85051420445345"
"Barbados",1,1,1,,"1.1396148031039137","1.162655498245614","1.1856961933873145","1.2087368885290148","1.2317775836707152","1.2548182788124156","1.277858973954116","1.3008996690958166","1.323940364237517","1.3469810593792173"
"Belarus",32,32,33,"32.736415","42.59252757894738","43.624063983805684","44.655600388663984","45.687136793522285","46.71867319838058","47.75020960323888","48.78174600809718","49.81328241295548","50.84481881781378","51.87635522267208"
"Belgium",82,83,83,"82.051496","94.75726715114709","95.91623125236165","97.07519535357625","98.23415945479081","99.39312355600538","100.55208765721997","101.71105175843454","102.87001585964911","104.0289799608637","105.18794406207826"
"Belize","0.6","0.6","0.6",,"0.576934319682861","0.5913028002294197","0.6056712807759784","0.6200397613225371","0.6344082418690958","0.6487767224156545","0.6631452029622132","0.677513683508772","0.6918821640553307","0.7062506446018894"
"Benin","1.1","1.1","1.2",,"1.0836610541160596","1.112734797840756","1.1418085415654524","1.1708822852901488","1.199956029014845","1.2290297727395414","1.2581035164642378","1.2871772601889342","1.3162510039136306","1.345324747638327"
"Bermuda","0.6","0.6","0.6",,"0.6902601879595144","0.6993649119882226","0.7084696360169307","0.7175743600456388","0.7266790840743469","0.7357838081030551","0.7448885321317632","0.7539932561604714","0.7630979801891795","0.7722027042178876"
"Bhutan","2.1",2,"2.4",,"2.085672918353577","2.150478653171391","2.215284387989205","2.2800901228070183","2.344895857624832","2.409701592442646","2.4745073272604596","2.5393130620782736","2.6041187968960875","2.668924531713901"
"Bolivia","7.9","8.1","8.3","9.0573537","7.666460950674766","7.854116663832661","8.041772376990556","8.229428090148451","8.417083803306346","8.60473951646424","8.792395229622135","8.98005094278003","9.167706655937925","9.35536236909582"
"Bosnia and Herzegovina",12,12,12,,"14.0948606754386","14.492607288798922","14.890353902159248","15.28810051551957","15.685847128879896","16.083593742240218","16.481340355600544","16.879086968960866","17.27683358232119","17.674580195681514"
"Botswana","3.6","3.6","3.3",,"3.905376224021594","4.000297900134955","4.095219576248315","4.190141252361675","4.2850629284750354","4.379984604588396","4.474906280701756","4.569827956815117","4.664749632928477","4.759671309041837"
"Brazil",510,517,529,"597.2345504","552.9303986183536","564.1569607454791","575.3835228726045","586.6100849997301","597.8366471268556","609.0632092539811","620.2897713811066","631.516333508232","642.7428956353576","653.9694577624831"
"British Virgin Islands","0.2","0.1",0,,"0.160541662631097","0.16472326746770777","0.16890487230431853","0.17308647714092928","0.17726808197754004","0.1814496868141508","0.18563129165076156","0.18981289648737232","0.19399450132398308","0.19817610616059383"
"Brunei","3.8","3.4","3.6",,"4.172888402159245","4.2694189365722","4.365949470985156","4.4624800053981115","4.559010539811067","4.655541074224023","4.752071608636978","4.848602143049933","4.945132677462889","5.041663211875845"
"Bulgaria",32,34,33,"33.1343173","28.225678650472332","28.004896488529013","27.784114326585694","27.56333216464237","27.342550002699053","27.12176784075573","26.90098567881241","26.680203516869092","26.459421354925773","26.238639192982454"
"Burkina Faso","1.5","1.6","1.8",,"1.3306682801430503","1.3691082696248318","1.407548259106613","1.4459882485883944","1.4844282380701759","1.5228682275519572","1.5613082170337387","1.59974820651552","1.6381881959973015","1.6766281854790828"
"Burma",13,17,18,,"11.282151058704457","11.602663453441298","11.92317584817814","12.243688242914983","12.564200637651824","12.884713032388667","13.205225427125509","13.525737821862352","13.846250216599193","14.166762611336035"
"Burundi","0.3","0.4","0.3",,"0.2916354041619434","0.297983305165992","0.30433120617004056","0.31067910717408914","0.3170270081781377","0.3233749091821863","0.3297228101862349","0.3360707111902835","0.34241861219433206","0.34876651319838065"
"Cabo Verde","0.4","0.4","0.5",,"0.40440114979757097","0.41604234008097174","0.42768353036437257","0.4393247206477734","0.4509659109311742","0.46260710121457504","0.47424829149797587","0.4858894817813766","0.4975306720647774","0.5091718623481782"
"Cambodia",6,"6.9","8.4",,"4.375549071524967","4.518608966261809","4.661668860998651","4.804728755735493","4.947788650472336","5.090848545209178","5.23390843994602","5.376968334682862","5.520028229419704","5.663088124156546"
"Cameroon","5.7","6.4","6.7",,"5.904911729419704","6.0274280877193","6.149944446018895","6.272460804318491","6.394977162618085","6.5174935209176805","6.640009879217276","6.762526237516871","6.885042595816466","7.007558954116061"
"Canada",551,553,559,"549.26386279","614.4364804816856","620.9825220649498","627.528563648214","634.0746052314781","640.6206468147423","647.1666883980065","653.7127299812706","660.2587715645348","666.804813147799","673.3508547310631"
"Cayman Islands","0.6","0.6","0.6","0.64650345","0.6801384027935224","0.6964659007287451","0.7127933986639678","0.7291208965991905","0.7454483945344131","0.7617758924696358","0.7781033904048585","0.7944308883400812","0.8107583862753039","0.8270858842105265"
"Central African Republic","0.2","0.1","0.1",,"0.16728533137651824","0.17002354129554656","0.1727617512145749","0.17549996113360325","0.1782381710526316","0.18097638097165994","0.18371459089068828","0.1864528008097166","0.18919101072874495","0.1919292206477733"
"Chad","0.2","0.2","0.2",,"0.20275534939271259","0.207295820242915","0.21183629109311744","0.21637676194331987","0.2209172327935223","0.22545770364372472","0.22999817449392715","0.23453864534412958","0.239079116194332","0.24361958704453446"
"Chile",73,72,76,"74.99209","75.60473749986505","77.45396230877193","79.30318711767882","81.1524119265857","83.00163673549258","84.85086154439946","86.70008635330635","88.54931116221323","90.39853597112011","92.247760780027"
"China",5565,5951,6453,,"5244.606301792781","5398.082075850068","5551.557849907355","5705.033623964643","5858.509398021931","6011.985172079218","6165.460946136505","6318.936720193793","6472.41249425108","6625.8882683083675"
"Colombia",68,72,70,,"64.42539990013496","65.67325387584347","66.92110785155197","68.16896182726047","69.41681580296897","70.66466977867748","71.91252375438597","73.16037773009448","74.40823170580298","75.65608568151148"
"Comoros",0,0,0,,"0.06304655748987859","0.0646659246963563","0.06628529190283404","0.06790465910931177","0.06952402631578951","0.07114339352226724","0.07276276072874498","0.07438212793522271","0.07600149514170045","0.07762086234817818"
"Congo-Brazzaville","1.5",2,2,,"1.1635388630229422","1.19250871120108","1.2214785593792175","1.2504484075573552","1.2794182557354927","1.3083881039136305","1.3373579520917682","1.3663278002699057","1.3952976484480435","1.424267496626181"
"Congo-Kinshasa","7.4","8.6","8.6",,"7.711109152496626","7.82627754925776","7.941445946018894","8.056614342780026","8.171782739541161","8.286951136302296","8.402119533063427","8.517287929824562","8.632456326585697","8.747624723346828"
"Cook Islands",0,0,0,,"0.03526316147975709","0.035967620854251016","0.03667208022874494","0.03737653960323887","0.038080998977732795","0.03878545835222672","0.03948991772672065","0.040194377101214575","0.0408988364757085","0.041603295850202435"
"Costa Rica","9.8","9.9",10,,"10.647260110458841","10.879633924021595","11.112007737584348","11.344381551147102","11.576755364709854","11.809129178272608","12.04150299183536","12.273876805398114","12.506250618960866","12.73862443252362"
"Côte d’Ivoire","5.7","6.8","6.7",,"5.552736629554658","5.674240425101216","5.795744220647775","5.917248016194334","6.038751811740892","6.160255607287451","6.28175940283401","6.403263198380568","6.524766993927127","6.646270789473686"
"Croatia",16,17,17,"17.4749266","20.893998724966266","21.43645327719299","21.978907829419708","22.52136238164643","23.06381693387315","23.60627148609987","24.14872603832659","24.691180590553312","25.233635142780034","25.776089695006753"
"Cuba",16,16,16,,"15.467779696626184","15.617612734682865","15.767445772739544","15.917278810796224","16.067111848852903","16.216944886909584","16.366777924966264","16.516610963022945","16.666444001079626","16.816277039136306"
"Cyprus","4.4","4.5","4.6","4.5238734","5.222884653238869","5.334891427935225","5.446898202631581","5.558904977327938","5.670911752024294","5.78291852672065","5.894925301417007","6.006932076113363","6.118938850809719","6.230945625506076"
"Czech Republic",62,64,64,"63.919966","83.25502846012147","85.3832359728745","87.51144348562754","89.63965099838057","91.76785851113361","93.89606602388665","96.02427353663968","98.15248104939272","100.28068856214577","102.4088960748988"
"Denmark",33,33,33,"32.703064","36.67122948306343","36.96097094318489","37.250712403306345","37.5404538634278","37.83019532354926","38.11993678367072","38.40967824379217","38.699419703913634","38.98916116403509","39.278902624156544"
"Dominica","0.1",0,0,,"0.10397439860728747","0.1063523265263158","0.10873025444534415","0.11110818236437248","0.11348611028340083","0.11586403820242916","0.11824196612145751","0.12061989404048584","0.1229978219595142","0.12537574987854253"
"Dominican Republic",15,16,16,"0.08386554","15.778745442645077","16.174731074224027","16.570716705802973","16.96670233738192","17.36268796896087","17.758673600539815","18.154659232118764","18.55064486369771","18.946630495276658","19.342616126855606"
"Ecuador",23,24,25,,"22.049864036437253","22.61675470850203","23.183645380566805","23.750536052631585","24.31742672469636","24.884317396761137","25.451208068825917","26.018098740890693","26.58498941295547","27.15188008502025"
"Egypt",131,143,151,,"147.59331761012152","151.2336008882592","154.87388416639683","158.51416744453448","162.15445072267212","165.7947340008098","169.43501727894744","173.0753005570851","176.71558383522276","180.3558671133604"
"El Salvador","5.8","5.7","5.7","6.21199574","6.45532799534413","6.597224229554656","6.7391204637651825","6.881016697975709","7.022912932186236","7.164809166396761","7.306705400607288","7.448601634817814","7.59049786902834","7.732394103238867"
"Equatorial Guinea","1.2","1.2","1.3",,"1.0187177132253713","1.0522363711201081","1.085755029014845","1.1192736869095818","1.1527923448043187","1.1863110026990555","1.2198296605937924","1.2533483184885292","1.2868669763832659","1.3203856342780027"
"Eritrea","0.3","0.3","0.4",,"0.3624227553306344","0.3727506496626182","0.383078543994602","0.39340643832658584","0.4037343326585696","0.41406222699055345","0.42439012132253723","0.43471801565452106","0.4450459099865049","0.4553738043184887"
"Estonia","8.8","8.7","9.1","8.857956","10.687552021592444","10.962886904183538","11.23822178677463","11.513556669365723","11.788891551956816","12.06422643454791","12.339561317139003","12.614896199730095","12.89023108232119","13.165565964912282"
"Eswatini","1.6","1.6","1.7",,"1.8895839635762488","1.9298044829284755","1.9700250022807022","2.0102455216329287","2.0504660409851554","2.090686560337382","2.130907079689609","2.1711275990418355","2.211348118394062","2.2515686377462893"
"Ethiopia","8.6","8.8",9,,"6.762664808771931","6.95317960674764","7.143694404723349","7.334209202699058","7.524724000674765","7.715238798650474","7.905753596626183","8.096268394601893","8.286783192577602","8.477297990553309"
"Faroe Islands","0.3","0.3","0.3","0.355074","0.2892934229251012","0.29324352544534416","0.297193627965587","0.30114373048583","0.30509383300607285","0.3090439355263158","0.3129940380465587","0.31694414056680165","0.3208942430870445","0.3248443456072874"
"Fiji","0.9",1,1,,"0.990893015540486","1.009564502983806","1.0282359904271259","1.0469074778704457","1.0655789653137655","1.0842504527570853","1.1029219402004051","1.121593427643725","1.140264915087045","1.1589364025303648"
"Finland",83,83,85,"84.206701","95.78354873819161","97.05080470985153","98.31806068151145","99.58531665317136","100.85257262483128","102.1198285964912","103.38708456815112","104.65434053981105","105.92159651147097","107.18885248313089"
"France",458,455,450,"449.422585","515.7107974024966","522.0865371261809","528.462276849865","534.8380165735493","541.2137562972334","547.5894960209177","553.9652357446018","560.3409754682862","566.7167151919703","573.0924549156546"
"French Guiana","0.8",1,1,,"1.0492332737044534","1.0743074272874493","1.0993815808704455","1.1244557344534414","1.1495298880364373","1.1746040416194332","1.1996781952024291","1.224752348785425","1.2498265023684212","1.274900655951417"
"French Polynesia","0.5","0.5","0.5",,"0.6710221753906884","0.6839005049514172","0.6967788345121458","0.7096571640728746","0.7225354936336034","0.7354138231943321","0.7482921527550609","0.7611704823157897","0.7740488118765183","0.7869271414372471"
"Gabon","2.1","2.2","2.2",,"1.961209266531714","1.9985024062078274","2.0357955458839405","2.073088685560054","2.1103818252361672","2.1476749649122806","2.184968104588394","2.2222612442645073","2.2595543839406207","2.296847523616734"
"Gambia, The","0.3","0.3","0.3",,"0.28115472591093127","0.28835303886639685","0.29555135182186243","0.302749664777328","0.3099479777327936","0.31714629068825917","0.32434460364372475","0.3315429165991904","0.33874122955465596","0.34593954251012154"
"Georgia",10,11,12,"12.1789608","11.771074310391366","12.074414747638329","12.377755184885293","12.681095622132258","12.98443605937922","13.287776496626185","13.591116933873147","13.894457371120112","14.197797808367074","14.501138245614039"
"Germany",538,539,533,"524.268434","738.4481567044536","755.7308809797572","773.0136052550608","790.2963295303645","807.5790538056682","824.8617780809718","842.1445023562754","859.4272266315791","876.7099509068827","893.9926751821864"
"Ghana","8.3",9,"8.8",,"8.662684321929826","8.798752616869097","8.934820911808368","9.070889206747639","9.20695750168691","9.343025796626181","9.479094091565454","9.615162386504725","9.751230681443996","9.887298976383267"
"Gibraltar","0.2","0.2","0.2",,"0.19477055431848855","0.19885206545209183","0.20293357658569505","0.20701508771929827","0.21109659885290155","0.21517810998650477","0.219259621120108","0.22334113225371122","0.2274226433873145","0.23150415452091772"
"Greece",57,58,51,"53.63537","65.55674051282054","66.68564358974362","67.8145466666667","68.94344974358977","70.07235282051285","71.20125589743591","72.330158974359","73.45906205128207","74.58796512820516","75.71686820512824"
"Greenland","0.5","0.5","0.5",,"0.46727551551956814","0.4760243373819164","0.48477315924426456","0.4935219811066127","0.5022708029689609","0.511019624831309","0.5197684466936573","0.5285172685560054","0.5372660904183536","0.5460149122807018"
"Grenada","0.2","0.2","0.2",,"0.2216675722672065","0.22721284493927127","0.23275811761133605","0.23830339028340083","0.24384866295546562","0.2493939356275304","0.25493920829959515","0.26048448097165994","0.2660297536437247","0.27157502631578945"
"Guadeloupe","1.5","1.5","1.5",,"1.8628305570991908","1.9011517905141706","1.9394730239291504","1.97779425734413","2.01611549075911","2.0544367241740895","2.092757957589069","2.131079191004049","2.169400424419029","2.2077216578340084"
"Guam","1.6","1.7","1.6",,"1.8531351412881243","1.8739565293103917","1.8947779173326587","1.915599305354926","1.9364206933771932","1.9572420813994604","1.9780634694217276","1.9988848574439948","2.0197062454662618","2.040527633488529"
"Guatemala",10,10,11,,"10.157247999730098","10.414207540620785","10.671167081511474","10.928126622402162","11.18508616329285","11.442045704183538","11.699005245074227","11.955964785964914","12.212924326855603","12.469883867746292"
"Guinea","2.1","2.3",2,,"1.3914742288056683","1.422283037246964","1.4530918456882593","1.483900654129555","1.5147094625708506","1.545518271012146","1.5763270794534416","1.607135887894737","1.6379446963360327","1.6687535047773283"
"Guyana","0.8","0.9","0.9",,"0.8202413456815116","0.836303042240216","0.8523647387989205","0.868426435357625","0.8844881319163295","0.9005498284750338","0.9166115250337383","0.9326732215924428","0.9487349181511472","0.9647966147098517"
"Haiti","0.4","0.4","0.4",,"0.31592793279352216","0.3152726914979756","0.31461745020242904","0.3139622089068825","0.3133069676113359","0.31265172631578936","0.3119964850202428","0.31134124372469624","0.3106860024291497","0.3100307611336031"
"Honduras","5.8","6.3","6.7",,"6.42120028137652","6.5780142874493945","6.734828293522269","6.891642299595143","7.048456305668018","7.205270311740892","7.362084317813767","7.518898323886641","7.675712329959516","7.832526336032391"
"Hong Kong",45,44,45,,"52.249115580229436","53.25328362739543","54.25745167456142","55.26161972172741","56.265787768893404","57.2699558160594","58.27412386322539","59.27829191039138","60.28245995755738","61.28662800472337"
"Hungary",39,41,41,"41.620749","39.47174536882591","39.73620997246964","40.00067457611336","40.265139179757085","40.52960378340081","40.79406838704453","41.05853299068826","41.32299759433198","41.58746219797571","41.851926801619435"
"Iceland",18,18,19,"18.679313","18.537313055465592","19.004849017813772","19.47238498016195","19.939920942510128","20.407456904858307","20.874992867206483","21.342528829554663","21.810064791902843","22.27760075425102","22.745136716599198"
"India",1168,1226,1277,,"1069.1509161502026","1097.3943821829962","1125.6378482157895","1153.881314248583","1182.1247802813766","1210.3682463141702","1238.6117123469637","1266.8551783797573","1295.0986444125508","1323.3421104453444"
"Indonesia",213,221,249,"263.1385035","208.78257655492578","214.4338598682861","220.08514318164643","225.73642649500675","231.38770980836708","237.0389931217274","242.69027643508772","248.34155974844808","253.99284306180837","259.6441263751687"
"Iran",236,252,255,,"239.74002228083677","246.0014398302295","252.2628573796222","258.52427492901495","264.78569247840767","271.04711002780033","277.30852757719305","283.56994512658576","289.8313626759785","296.0927802253712"
"Iraq",38,41,44,,"40.649718313765185","41.333768489878544","42.0178186659919","42.70186884210526","43.38591901821862","44.06996919433198","44.75401937044534","45.4380695465587","46.12211972267206","46.80616989878543"
"Ireland",26,26,27,"27.202795","30.021407054588398","30.589763755600544","31.15812045661269","31.726477157624835","32.29483385863698","32.86319055964913","33.43154726066127","33.99990396167342","34.56826066268556","35.13661736369771"
"Israel",55,55,56,,"61.50551611923077","62.84994300769231","64.19436989615384","65.53879678461539","66.88322367307693","68.22765056153847","69.57207745000001","70.91650433846154","72.26093122692308","73.60535811538462"
"Italy",294,300,302,"297.150052","344.66632518049926","348.98845605600536","353.3105869315114","357.63271780701746","361.95484868252356","366.27697955802967","370.59911043353566","374.92124130904176","379.24337218454787","383.5655030600539"
"Jamaica",3,3,3,,"4.70936304588394","4.770365632928475","4.83136821997301","4.892370807017544","4.953373394062078","5.014375981106612","5.075378568151147","5.136381155195682","5.197383742240216","5.25838632928475"
"Japan",947,949,940,"902.842634","1124.8532560360998","1137.6684953650472","1150.4837346939944","1163.2989740229418","1176.1142133518892","1188.9294526808367","1201.744692009784","1214.5599313387313","1227.3751706676787","1240.190409996626"
"Jordan",17,18,17,,"16.90641099392713","17.356495510121462","17.806580026315793","18.256664542510126","18.706749058704457","19.15683357489879","19.60691809109312","20.057002607287455","20.507087123481785","20.95717163967612"
"Kazakhstan",83,87,92,,"99.39747757017545","101.96887136167344","104.54026515317142","107.11165894466939","109.68305273616737","112.25444652766534","114.82584031916332","117.39723411066129","119.96862790215927","122.54002169365725"
"Kenya","7.6","8.8","8.7",,"7.7707761040485845","7.936722321457491","8.102668538866398","8.268614756275305","8.434560973684214","8.60050719109312","8.766453408502027","8.932399625910934","9.09834584331984","9.264292060728748"
"Kiribati",0,0,0,,"0.027679934827935234","0.02835998791497977","0.029040041002024303","0.029720094089068838","0.030400147176113373","0.031080200263157907","0.03176025335020244","0.03244030643724698","0.03312035952429151","0.033800412611336046"
"Kosovo",4,"4.6","4.6","5.7154386","4.304537122132255","4.447893407557356","4.5912496929824576","4.734605978407559","4.87796226383266","5.021318549257761","5.164674834682862","5.308031120107963","5.4513874055330644","5.5947436909581665"
"Kuwait",57,59,59,,"58.54790889473686","59.92467268825913","61.301436481781394","62.67820027530366","64.05496406882592","65.4317278623482","66.80849165587045","68.18525544939273","69.562019242915","70.93878303643726"
"Kyrgyzstan",11,11,12,,"12.771764947368421","13.09571272874494","13.419660510121458","13.743608291497976","14.067556072874494","14.391503854251013","14.715451635627531","15.039399417004049","15.363347198380568","15.687294979757086"
"Laos","4.4","3.6","4.1",,"3.3652474385964926","3.4664174143049946","3.5675873900134967","3.6687573657219987","3.769927341430501","3.871097317139003","3.972267292847505","4.073437268556007","4.174607244264508","4.27577721997301"
"Latvia","6.8","6.8",7,"6.876723","8.841302832118762","9.06598426612686","9.290665700134957","9.515347134143054","9.740028568151152","9.964710002159247","10.189391436167345","10.414072870175442","10.63875430418354","10.863435738191637"
"Lebanon",16,18,18,,"17.788509264507425","18.23793049932524","18.687351734143054","19.136772968960866","19.586194203778682","20.035615438596494","20.48503667341431","20.934457908232122","21.38387914304994","21.83330037786775"
"Lesotho","0.9","0.9","0.9",,"0.9037010616909584","0.9292857564723349","0.9548704512537114","0.9804551460350879","1.0060398408164646","1.031624535597841","1.0572092303792175","1.082793925160594","1.1083786199419705","1.133963314723347"
"Liberia","0.3","0.3","0.3",,"0.08776093724696321","0.07428365587044494","0.060806374493926785","0.047329093117408516","0.03385181174089025","0.02037453036437209","0.006897248987853821","-0.006580032388664336","-0.020057313765182605","-0.033534595141700874"
"Libya",24,25,26,,"26.826895318488535","27.37872129824562","27.930547278002706","28.48237325775979","29.034199237516876","29.58602521727396","30.137851197031047","30.68967717678813","31.241503156545214","31.7933291363023"
"Lithuania",10,11,11,"11.306302","13.295553945614039","13.624045973549258","13.95253800148448","14.281030029419703","14.609522057354926","14.938014085290149","15.266506113225372","15.594998141160595","15.923490169095817","16.25198219703104"
"Luxembourg","6.4","6.4","6.5","5.816501","7.129621907557356","7.221088201079622","7.31255449460189","7.404020788124157","7.495487081646424","7.586953375168692","7.6784196686909585","7.769885962213225","7.861352255735493","7.95281854925776"
"Macau","5.1","5.2","5.4",,"4.868169899344131","5.002650526785427","5.137131154226722","5.2716117816680175","5.406092409109314","5.540573036550609","5.675053663991904","5.8095342914332","5.944014918874496","6.078495546315791"
"Madagascar",2,"2.1","2.1",,"1.8266893535020245","1.8699714989068827","1.9132536443117412","1.9565357897165994","1.9998179351214578","2.0431000805263158","2.086382225931174","2.1296643713360326","2.1729465167408906","2.216228662145749"
"Malawi",2,"1.9","1.5",,"2.143233975606613","2.191065723993253","2.2388974723798927","2.2867292207665324","2.334560969153172","2.382392717539812","2.4302244659264516","2.4780562143130913","2.525887962699731","2.5737197110863703"
"Malaysia",137,144,147,,"141.39427519028342","145.19598309311743","148.99769099595144","152.79939889878546","156.60110680161947","160.40281470445345","164.20452260728746","168.00623051012147","171.80793841295548","175.6096463157895"
"Maldives","0.6","0.6","0.6",,"0.4628240346963565","0.4771911378137654","0.49155824093117434","0.5059253440485831","0.5202924471659921","0.534659550283401","0.5490266534008099","0.5633937565182188","0.5777608596356277","0.5921279627530366"
"Mali","2.1","2.7",3,,"1.854085761808368","1.9097212132253718","1.9653566646423761","2.02099211605938","2.0766275674763843","2.132263018893388","2.187898470310392","2.2435339217273964","2.2991693731444003","2.3548048245614046"
"Malta","2.1","2.3","2.3","2.456173","2.399667393319838","2.4457886611336033","2.4919099289473685","2.5380311967611338","2.584152464574899","2.6302737323886642","2.6763950002024295","2.7225162680161943","2.7686375358299595","2.8147588036437248"
"Martinique","1.3","1.4","1.4",,"1.674958726645749","1.7097656579878542","1.7445725893299595","1.7793795206720648","1.81418645201417","1.8489933833562753","1.8838003146983806","1.9186072460404857","1.953414177382591","1.9882211087246964"
"Mauritania",1,"0.9","0.9",,"0.9095357010404861","0.9350351447530367","0.9605345884655874","0.986034032178138","1.0115334758906884","1.037032919603239","1.0625323633157897","1.0880318070283403","1.113531250740891","1.1390306944534416"
"Mauritius","2.7","2.8","2.8",,"2.9876672396761137","3.0613486979757085","3.135030156275304","3.208711614574899","3.2823930728744943","3.356074531174089","3.4297559894736844","3.5034374477732797","3.5771189060728745","3.65080036437247"
"Mexico",259,261,271,"267.91059","275.917717540216","281.5673320628881","287.21694658556015","292.86656110823225","298.5161756309043","304.1657901535764","309.8154046762484","315.4650191989205","321.11463372159255","326.76424824426465"
"Moldova","4.9","5.2","5.5","5.9566105","8.00699228475034","8.188964029689611","8.370935774628883","8.552907519568153","8.734879264507425","8.916851009446697","9.098822754385967","9.28079449932524","9.462766244264511","9.644737989203781"
"Mongolia","5.9","6.4","6.9",,"5.203015242953442","5.296526478680163","5.390037714406883","5.4835489501336045","5.577060185860325","5.670571421587046","5.764082657313766","5.857593893040487","5.951105128767208","6.044616364493928"
"Montenegro","2.8",3,3,,"3.2326014568151153","3.3370248839406216","3.441448311066128","3.545871738191634","3.6502951653171394","3.7547185924426456","3.859142019568152","3.963565446693658","4.067988873819164","4.1724123009446705"
"Montserrat",0,0,0,,"0.020998232793522267","0.02126913765182186","0.021540042510121458","0.021810947368421055","0.022081852226720648","0.02235275708502024","0.02262366194331984","0.022894566801619436","0.02316547165991903","0.023436376518218623"
"Morocco",28,30,30,,"30.03011363434549","30.735957809851563","31.441801985357635","32.14764616086371","32.85349033636978","33.55933451187585","34.265178687381926","34.971022862888","35.67686703839407","36.382711213900144"
"Mozambique",12,14,13,,"12.935716178070175","13.272275767746288","13.6088353574224","13.945394947098514","14.281954536774627","14.61851412645074","14.955073716126854","15.291633305802968","15.62819289547908","15.964752485155193"
"Namibia","3.9","4.1","4.2",,"4.623744512820514","4.75513312820513","4.886521743589745","5.01791035897436","5.149298974358976","5.280687589743591","5.412076205128207","5.543464820512822","5.674853435897437","5.8062420512820525"
"Nauru",0,0,0,,"0.025422070850202424","0.025439202429149793","0.025456334008097162","0.025473465587044528","0.025490597165991898","0.025507728744939267","0.025524860323886633","0.025541991902834002","0.02555912348178137","0.02557625506072874"
"Nepal",5,"5.8","6.6",,"4.462708365924429","4.590071418758436","4.717434471592444","4.844797524426452","4.9721605772604605","5.099523630094469","5.226886682928477","5.354249735762485","5.481612788596493","5.608975841430501"
"Netherlands",109,110,112,"110.68171","125.18730954601891","126.84845478569503","128.50960002537113","130.17074526504723","131.83189050472336","133.4930357443995","135.1541809840756","136.8153262237517","138.4764714634278","140.13761670310393"
"Netherlands Antilles","0.8","0.8","0.7",,"0.9143919897435896","0.9168233897435896","0.9192547897435897","0.9216861897435896","0.9241175897435896","0.9265489897435896","0.9289803897435897","0.9314117897435896","0.9338431897435896","0.9362745897435896"
"New Caledonia","2.7","2.8","2.7",,"2.5072856623860273","2.5540799205902633","2.6008741787945","2.647668436998736","2.694462695202972","2.7412569534072087","2.788051211611445","2.8348454698156815","2.8816397280199175","2.928433986224154"
"New Zealand",40,40,40,"41.165451","44.942701242307706","45.50919071538463","46.07568018846155","46.642169661538475","47.208659134615395","47.775148607692316","48.34163808076924","48.908127553846164","49.474617026923084","50.04110650000001"
"Nicaragua","3.6","3.7","3.7",,"3.539203638191634","3.6162788175438605","3.693353996896087","3.7704291762483138","3.847504355600541","3.9245795349527675","4.001654714304994","4.07872989365722","4.155805073009447","4.232880252361674"
"Niger","1.1","1.1","1.6",,"0.9975899095816466","1.0210768771929828","1.0445638448043189","1.068050812415655","1.0915377800269908","1.1150247476383268","1.1385117152496629","1.161998682860999","1.185485650472335","1.208972618083671"
"Nigeria",27,28,29,,"26.587707362348183","27.20562225506073","27.823537147773283","28.441452040485835","29.059366933198383","29.677281825910935","30.295196718623487","30.913111611336035","31.531026504048587","32.14894139676114"
"North Korea",14,12,13,,"11.76625081511471","11.347882709851554","10.929514604588395","10.511146499325235","10.09277839406208","9.67441028879892","9.256042183535765","8.837674078272606","8.41930597300945","8.000937867746291"
"North Macedonia","6.4","6.3","6.3","7.023724","9.146621168623485","9.377275843319842","9.607930518016198","9.838585192712554","10.06923986740891","10.299894542105267","10.530549216801623","10.76120389149798","10.991858566194336","11.222513240890692"
"Norway",122,123,126,"124.126519","128.25932974831312","129.3597616288799","130.4601935094467","131.5606253900135","132.6610572705803","133.76148915114712","134.8619210317139","135.96235291228072","137.0627847928475","138.16321667341433"
"Oman",29,31,32,,"24.639939446693663","25.342270580296905","26.044601713900143","26.74693284750338","27.449263981106622","28.15159511470986","28.853926248313098","29.556257381916335","30.25858851551958","30.96091964912282"
"Pakistan",96,106,121,,"102.5385021343455","104.94520619446696","107.35191025458843","109.75861431470989","112.16531837483134","114.5720224349528","116.97872649507426","119.38543055519571","121.79213461531718","124.19883867543864"
"Palestinian Territories","5.2","5.3","5.5",,"5.354968308502025","5.519905839676115","5.684843370850205","5.849780902024293","6.014718433198382","6.179655964372472","6.34459349554656","6.50953102672065","6.674468557894739","6.839406089068827"
"Panama","8.7",9,"9.3",,"8.284977579754388","8.479121714272607","8.673265848790825","8.867409983309043","9.061554117827262","9.25569825234548","9.449842386863699","9.643986521381917","9.838130655900136","10.032274790418354"
"Papua New Guinea","3.6","3.6","3.8",,"3.8076215264190294","3.88128454980162","3.9549475731842114","4.028610596566803","4.102273619949393","4.175936643331985","4.249599666714576","4.323262690097167","4.396925713479758","4.470588736862349"
"Paraguay",12,12,13,,"10.403631615901936","10.674142624066578","10.944653632231221","11.215164640395864","11.485675648560505","11.756186656725149","12.02669766488979","12.297208673054433","12.567719681219074","12.838230689383717"
"Peru",44,46,47,,"41.541773754385964","42.5150068879892","43.48824002159244","44.46147315519568","45.434706288798914","46.40793942240215","47.381172556005396","48.35440568960863","49.32763882321187","50.30087195681511"
"Philippines",78,82,86,"93.3543207","75.80830117326587","77.57162582156548","79.33495046986506","81.09827511816466","82.86159976646425","84.62492441476385","86.38824906306345","88.15157371136304","89.91489835966264","91.67822300796223"
"Poland",149,153,157,"152.573352","145.7549429568151","146.962483268556","148.1700235802969","149.3775638920378","150.58510420377868","151.79264451551958","153.00018482726045","154.20772513900135","155.41526545074225","156.62280576248315"
"Portugal",47,47,48,"48.035112","56.66359768016195","57.71434625101215","58.765094821862355","59.81584339271256","60.86659196356276","61.917340534412965","62.96808910526317","64.01883767611338","65.06958624696358","66.12033481781377"
"Puerto Rico",18,14,15,,"20.78241855068961","20.994806448329285","21.20719434596896","21.419582243608637","21.631970141248313","21.84435803888799","22.056745936527665","22.26913383416734","22.481521731807018","22.693909629446694"
"Qatar",37,40,43,,"34.236237055060734","35.22660609797571","36.21697514089069","37.207344183805674","38.19771322672065","39.18808226963563","40.178451312550614","41.16882035546559","42.15918939838057","43.149558441295554"
"Reunion","2.9","2.9","2.9",,"3.2855636028340083","3.364842638866397","3.4441216748987853","3.523400710931174","3.6026797469635627","3.6819587829959515","3.76123781902834","3.840516855060729","3.919795891093117","3.999074927125506"
"Romania",50,51,52,"55.0077777","41.821275874493935","41.27123985020244","40.72120382591095","40.17116780161945","39.621131777327946","39.071095753036445","38.52105972874495","37.97102370445346","37.42098768016196","36.870951655870456"
"Russia",910,919,929,"965.1560464","1166.4039585134954","1195.5060684304995","1224.6081783475036","1253.7102882645077","1282.8123981815115","1311.9145080985156","1341.0166180155197","1370.1187279325238","1399.220837849528","1428.3229477665318"
"Rwanda","0.7","0.8","0.8",,"0.519774110355938","0.5317312277294197","0.5436883451029015","0.5556454624763834","0.5676025798498652","0.5795596972233469","0.5915168145968287","0.6034739319703105","0.6154310493437922","0.627388166717274"
"Saint Helena",0,0,0,,"0.008816738866396761","0.008981089068825911","0.009145439271255062","0.00930978947368421","0.00947413967611336","0.00963848987854251","0.00980284008097166","0.00996719028340081","0.010131540485829961","0.010295890688259108"
"Saint Kitts and Nevis","0.2","0.2","0.2",,"0.20570176761133607","0.21073739757085025","0.21577302753036443","0.2208086574898786","0.22584428744939278","0.23087991740890695","0.2359155473684211","0.24095117732793528","0.24598680728744945","0.25102243724696366"
"Saint Lucia","0.3","0.4","0.4",,"0.4057895257125507","0.4152649142995952","0.4247403028866398","0.43421569147368433","0.4436910800607288","0.4531664686477734","0.46264185723481793","0.47211724582186243","0.481592634408907","0.49106802299595154"
"Saint Pierre and Miquelon",0,0,0,,"0.04655428137651821","0.047031518218623475","0.047508755060728734","0.047985991902833994","0.04846322874493926","0.04894046558704453","0.049417702429149786","0.049894939271255045","0.05037217611336031","0.05084941295546558"
"Saint Vincent/Grenadines","0.1","0.1","0.1",,"0.15140038967724698","0.15474300153587048","0.15808561339449395","0.16142822525311742","0.16477083711174093","0.1681134489703644","0.17145606082898787","0.17479867268761137","0.17814128454623485","0.18148389640485832"
"Samoa","0.1","0.1","0.1",,"0.13299151812145749","0.13562735348987856","0.1382631888582996","0.14089902422672065","0.1435348595951417","0.14617069496356275","0.14880653033198382","0.15144236570040487","0.15407820106882592","0.15671403643724696"
"Sao Tome and Principe",0,0,0,,"0.0693431093117409","0.07114512550607288","0.07294714170040487","0.07474915789473685","0.07655117408906884","0.07835319028340082","0.0801552064777328","0.08195722267206479","0.08375923886639677","0.08556125506072876"
"Saudi Arabia",319,323,322,,"296.98652412550615","304.78843238056686","312.5903406356276","320.39224889068834","328.19415714574905","335.9960654008098","343.7979736558705","351.5998819109313","359.401790165992","367.2036984210527"
"Senegal","3.5","3.8","3.8",,"3.154852100067478","3.2362774686909597","3.3177028373144415","3.3991282059379233","3.480553574561405","3.561978943184887","3.6434043118083688","3.7248296804318506","3.806255049055332","3.887680417678814"
"Serbia",30,30,30,,"30.759767910188955","31.761949218488546","32.76413052678814","33.76631183508774","34.76849314338733","35.77067445168693","36.77285575998653","37.77503706828612","38.777218376585715","39.77939968488531"
"Seychelles","0.4","0.4","0.4",,"0.3953170829959515","0.4054798744939272","0.4156426659919029","0.42580545748987864","0.43596824898785436","0.4461310404858301","0.45629383198380574","0.46645662348178146","0.4766194149797572","0.4867822064777329"
"Sierra Leone","0.2","0.2","0.2",,"0.13125045658704457","0.13036486653441298","0.1294792764817814","0.1285936864291498","0.12770809637651825","0.12682250632388667","0.12593691627125508","0.12505132621862353","0.12416573616599194","0.12328014611336036"
"Singapore",48,49,49,"47.58252","53.08927281025643","54.34469936410258","55.60012591794874","56.855552471794894","58.11097902564104","59.3664055794872","60.621832133333356","61.877258687179506","63.13268524102566","64.38811179487182"
"Slovakia",27,28,28,"26.236542","35.917893852901486","36.81824609986505","37.71859834682861","38.61895059379217","39.519302840755735","40.4196550877193","41.32000733468286","42.22035958164642","43.120711828609984","44.02106407557355"
"Slovenia",13,14,14,"14.023035","17.743413778731444","18.195324185533064","18.647234592334684","19.099144999136303","19.551055405937923","20.002965812739543","20.454876219541163","20.906786626342782","21.358697033144402","21.81060743994602"
"Solomon Islands",0,0,0,,"0.09737054447570855","0.09957598996356279","0.10178143545141705","0.1039868809392713","0.10619232642712555","0.1083977719149798","0.11060321740283405","0.1128086628906883","0.11501410837854255","0.1172195538663968"
"Somalia","0.3","0.3","0.3",,"0.3430257495951418","0.34809050323886653","0.3531552568825912","0.3582200105263159","0.36328476417004063","0.36834951781376535","0.37341427145749","0.37847902510121467","0.3835437787449394","0.3886085323886641"
"South Africa",206,208,207,"210.3043921","240.19806636774632","243.49227405802975","246.78648174831318","250.08068943859655","253.37489712887998","256.66910481916335","259.9633125094468","263.25752019973015","266.5517278900136","269.84593558029695"
"South Korea",509,512,535,"527.035648","571.4649163813765","586.4805642566802","601.4962121319838","616.5118600072874","631.5275078825911","646.5431557578947","661.5588036331983","676.574451508502","691.5900993838056","706.6057472591093"
"South Sudan","0.4","0.5","0.5",,"0.29915093387314445","0.3095248367071526","0.31989873954116066","0.33027264237516873","0.34064654520917687","0.35102044804318494","0.36139435087719307","0.37176825371120115","0.3821421565452093","0.39251605937921735"
"Spain",240,245,245,"241.562852","284.17756804925784","289.0787590674764","293.97995008569507","298.8811411039137","303.7823321221323","308.6835231403509","313.58471415856957","318.48590517678815","323.3870961950068","328.28828721322543"
"Sri Lanka",13,14,13,,"12.318720593117414","12.63265333198381","12.946586070850207","13.260518809716604","13.574451548583001","13.888384287449398","14.202317026315795","14.516249765182192","14.830182504048588","15.144115242914985"
"Sudan",10,11,11,,"8.515570370107964","8.760629539136305","9.005688708164644","9.250747877192984","9.495807046221325","9.740866215249666","9.985925384278005","10.230984553306344","10.476043722334685","10.721102891363026"
"Suriname","1.7","1.7","1.7",,"1.704584620107962","1.7195289622132253","1.7344733043184883","1.7494176464237516","1.7643619885290147","1.7793063306342778","1.7942506727395409","1.809195014844804","1.8241393569500672","1.8390836990553305"
"Sweden",133,132,130,"131.798015","141.73976595276653","142.4394085317139","143.13905111066128","143.83869368960865","144.538336268556","145.23797884750337","145.93762142645073","146.63726400539812","147.33690658434548","148.03654916329285"
"Switzerland",58,59,58,"56.35254","64.49357321909582","65.14963790107963","65.80570258306344","66.46176726504724","67.11783194703105","67.77389662901486","68.42996131099866","69.08602599298247","69.74209067496628","70.39815535695007"
"Syria",14,14,14,,"27.667096006747638","28.282723484480428","28.89835096221322","29.513978439946015","30.12960591767881","30.745233395411603","31.360860873144397","31.97648835087719","32.592115828609984","33.20774330634278"
"Taiwan",237,242,247,"237.55742556","277.0149981908233","283.3682137041836","289.7214292175439","296.07464473090425","302.42786024426454","308.7810757576249","315.1342912709852","321.48750678434556","327.84072229770584","334.1939378110662"
"Tajikistan",13,14,14,"16.0853177","18.862135616734147","19.30647352766532","19.750811438596497","20.19514934952767","20.639487260458843","21.083825171390018","21.528163082321193","21.972500993252368","22.416838904183543","22.861176815114714"
"Tanzania","5.8","5.8","5.8",,"5.1000893549257755","5.223929775978407","5.347770197031039","5.4716106180836706","5.595451039136302","5.719291460188933","5.843131881241565","5.966972302294197","6.090812723346828","6.21465314439946"
"Thailand",184,184,186,,"189.76904219703107","194.62233934682865","199.47563649662624","204.3289336464238","209.18223079622138","214.03552794601893","218.88882509581651","223.74212224561407","228.59541939541165","233.44871654520924"
"The Bahamas","1.7","1.7","1.8",,"2.0624242028117417","2.097974727890689","2.133525252969636","2.1690757780485836","2.204626303127531","2.2401768282064785","2.2757273532854256","2.311277878364373","2.3468284034433204","2.382378928522268"
"Timor-Leste",0,0,0,,"0.0","0.0","0.0","0.0","0.0","0.0","0.0","0.0","0.0","0.0"
"Togo",1,"1.3","1.3",,"1.0459487827260459","1.0675928151147098","1.0892368475033738","1.1108808798920378","1.1325249122807017","1.1541689446693657","1.1758129770580297","1.1974570094466936","1.2191010418353574","1.2407450742240214"
"Tonga",0,0,0,,"0.056125123481781385","0.05731247368421053","0.058499823886639685","0.05968717408906883","0.060874524291497985","0.06206187449392713","0.06324922469635628","0.06443657489878543","0.06562392510121458","0.06681127530364374"
"Trinidad and Tobago","9.2","9.1","8.2",,"9.47167208097166","9.679412582995951","9.887153085020243","10.094893587044535","10.302634089068826","10.510374591093118","10.71811509311741","10.9258555951417","11.133596097165992","11.341336599190283"
"Tunisia",15,16,16,,"16.657377826585698","17.04484777192983","17.432317717273957","17.819787662618086","18.207257607962216","18.594727553306345","18.982197498650475","19.369667443994604","19.757137389338737","20.144607334682867"
"Turkey",231,248,258,"251.376078","234.469525000135","240.54563807584353","246.62175115155202","252.6978642272605","258.77397730296906","264.8500903786776","270.92620345438604","277.00231653009456","283.0784296058031","289.15454268151154"
"Turkmenistan",15,15,15,,"15.980004120107964","16.42106165452092","16.862119188933875","17.30317672334683","17.744234257759786","18.18529179217274","18.626349326585697","19.067406860998652","19.508464395411607","19.949521929824563"
"Turks and Caicos Islands","0.2","0.2","0.2",,"0.22204339878542517","0.2285539635627531","0.235064528340081","0.24157509311740893","0.2480856578947369","0.25459622267206483","0.26110678744939275","0.2676173522267207","0.27412791700404865","0.28063848178137657"
"U.S. Pacific Islands","0.5","0.5","0.5",,"0.5304977914979758","0.5423342064777329","0.55417062145749","0.566007036437247","0.5778434514170042","0.5896798663967613","0.6015162813765184","0.6133526963562754","0.6251891113360325","0.6370255263157896"
"U.S. Virgin Islands","0.6","0.5","0.6",,"0.7034317301619428","0.698821581781376","0.6942114334008092","0.6896012850202424","0.6849911366396755","0.6803809882591088","0.6757708398785419","0.6711606914979751","0.6665505431174084","0.6619403947368415"
"Uganda","3.3","3.3","3.5",,"2.630972633009448","2.699824843616735","2.768677054224023","2.83752926483131","2.9063814754385975","2.9752336860458852","3.0440858966531725","3.1129381072604603","3.1817903178677476","3.250642528475035"
"Ukraine",133,124,127,"128.8064393","193.55820242672067","197.95895958623484","202.359716745749","206.76047390526318","211.16123106477735","215.56198822429153","219.9627453838057","224.36350254331987","228.764259702834","233.16501686234818"
"United Arab Emirates",114,118,119,,"110.88195521187586","114.01032138191636","117.13868755195685","120.26705372199731","123.39541989203781","126.5237860620783","129.65215223211877","132.78051840215926","135.90888457219975","139.03725074224025"
"United Kingdom",310,307,307,"300.520358","352.699741434413","355.0784252170041","357.45710899959516","359.8357927821863","362.2144765647773","364.59316034736844","366.97184412995955","369.35052791255066","371.72921169514177","374.1078954777328"
"United States",3921,3888,4033,"3989.566399731","4403.2966867541345","4457.89421302786","4512.491739301586","4567.0892655753105","4621.686791849037","4676.284318122762","4730.881844396487","4785.479370670213","4840.076896943939","4894.674423217664"
"Uruguay",11,11,12,,"11.34608416983806","11.583752987449396","11.821421805060732","12.059090622672068","12.296759440283404","12.534428257894739","12.772097075506075","13.009765893117411","13.247434710728747","13.485103528340083"
"Uzbekistan",45,48,49,,"57.1457852774629","58.52943362645075","59.91308197543861","61.29673032442646","62.68037867341432","64.06402702240217","65.44767537139003","66.83132372037788","68.21497206936573","69.59862041835359"
"Vanuatu",0,0,0,,"0.06212000948958937","0.06335112227009834","0.06458223505060731","0.06581334783111627","0.06704446061162524","0.0682755733921342","0.06950668617264316","0.07073779895315213","0.0719689117336611","0.07320002451417006"
"Venezuela",70,66,65,,"89.58243426855603","90.96538585155199","92.34833743454794","93.73128901754389","95.11424060053983","96.49719218353579","97.88014376653175","99.2630953495277","100.64604693252363","102.02899851551959"
"Vietnam",162,178,217,,"136.331157085695","140.6040067759784","144.8768564662618","149.14970615654522","153.42255584682863","157.69540553711198","161.9682552273954","166.2411049176788","170.5139546079622","174.7868042982456"
"Wake Island",0,0,0,,"0.0","0.0","0.0","0.0","0.0","0.0","0.0","0.0","0.0","0.0"
"Yemen","3.6",3,"2.7",,"4.990360063427801","5.109771031039137","5.229181998650473","5.348592966261809","5.4680039338731445","5.587414901484481","5.706825869095817","5.826236836707153","5.945647804318489","6.0650587719298255"
"Zambia",11,12,13,,"10.840356883063428","10.994988666261808","11.149620449460189","11.30425223265857","11.458884015856949","11.61351579905533","11.768147582253711","11.92277936545209","12.077411148650471","12.232042931848852"
"Zimbabwe","7.1","7.8","7.4",,"8.660380087719298","8.669469298245614","8.67855850877193","8.687647719298246","8.696736929824562","8.705826140350878","8.714915350877193","8.72400456140351","8.733093771929825","8.742182982456141"
"BTC","717.9513968161505","2977.2181791393905","17138.299093175458","31278.289033278787","56399.82962638803","63509.70433233962","77440.69669580455","91371.68905926945","105610.31775466766","119271.84088856496","133202.83325202987","147133.82561549477","161525.22728775934","175033.97744479027"
"ETH","28949653.097425427","120049120.12658831","691060447.3054621","1261221331.987048","2274186678.4833884","2560875174.6911135","3122608737.734054","3684342300.776994","4258480554.623696","4809348422.926006","5371081985.968946","5932815549.011886","6513114003.538683","7057821671.160897"
"LTC","22117534.966433026","91717527.77671348","527970181.741373","963573097.6381047","1737478622.3613086","1956508633.4640107","2385673075.6288176","2814837517.7936234","3253479143.732504","3674342195.1154685","4103506637.280275","4532671079.445081","4976019098.703554","5392175756.766925"
"XMR","46319444955.880684","192078592202.54132","1105696715688.7393","2017954131179.2766",3638698685573422,4097400279505782,4996173980374487,"5894947681243.19",6813568887397914,"7694957476681.61","8593731177550.3125","9,49250487841902E+015","1,04209824056619E+016","1,12925146738574E+016"
"BCH","717.9513968161505","2977.2181791393905","17138.299093175458","31278.289033278787","56399.82962638803","63509.70433233962","77440.69669580455","91371.68905926945","105610.31775466766","119271.84088856496","133202.83325202987","147133.82561549477","161525.22728775934","175033.97744479027"
"BSV","717.9513968161505","2977.2181791393905","17138.299093175458","31278.289033278787","56399.82962638803","63509.70433233962","77440.69669580455","91371.68905926945","105610.31775466766","119271.84088856496","133202.83325202987","147133.82561549477","161525.22728775934","175033.97744479027"
"DASH","115798.6123897017","480196.48050635325","2764241.7892218484","5044885.327948192","9096746.713933554","10243500.698764455","12490434.950936217","14737369.203107977","17033922.218494784","19237393.691704027","21484327.943875782","23731262.19604755","26052456.014154736","28231286.68464359"
"DOGE","22117534.966433026","91717527.77671348","527970181.741373","963573097.6381047","1737478622.3613086","1956508633.4640107","2385673075.6288176","2814837517.7936234","3253479143.732504","3674342195.1154685","4103506637.280275","4532671079.445081","4976019098.703554","5392175756.766925"
"ETC","28949653.097425427","120049120.12658831","691060447.3054621","1261221331.987048","2274186678.4833884","2560875174.6911135","3122608737.734054","3684342300.776994","4258480554.623696","4809348422.926006","5371081985.968946","5932815549.011886","6513114003.538683","7057821671.160897"
"VTC","19917361.331028692","82593794.64709276","475449587.74615794","867720276.407089","1564640434.7965713","1761882120.1874864","2148354811.5610294","2534827502.934572","2929834621.581103","3308831714.9730926","3695304406.346635","4081777097.720177","4481022434.434614","4855781309.7586975"
"ZEC","83259202308.19553",345261269484068,"1987489846450.5088","3627272550794.75",6540560887318225,7365077002411643,"8980622729723.14","1,05961684570346E+016","12247390075097.75","1,38316860643352E+016","1,54472317916467E+016","1,70627775189582E+016","1,87317158741773E+016","20298295126258.74"
